participant_id,timestamp,sound_id,anxiety_score,presentation_index
part_1767382663346,2026-01-02T19:40:12.968Z,SON_239,68,1
part_1767382663346,2026-01-02T19:40:12.968Z,SON_183,60,2
part_1767382663346,2026-01-02T19:40:12.968Z,SON_249,44,3
part_1767382663346,2026-01-02T19:40:12.968Z,SON_19,5,4
part_1767382663346,2026-01-02T19:40:12.968Z,SON_159,97,5
part_1767382663346,2026-01-02T19:40:12.968Z,SON_106,40,6
part_1767382663346,2026-01-02T19:40:12.968Z,SON_30,6,7
part_1767382663346,2026-01-02T19:40:12.968Z,SON_70,100,8
part_1767382663346,2026-01-02T19:40:12.968Z,SON_62,13,9
part_1767382663346,2026-01-02T19:40:12.968Z,SON_3,5,10
part_1767382663346,2026-01-02T19:41:09.251Z,SON_158,54,11
part_1767382663346,2026-01-02T19:41:09.251Z,SON_29,86,12
part_1767382663346,2026-01-02T19:41:09.251Z,SON_84,39,13
part_1767382663346,2026-01-02T19:41:09.251Z,SON_28,14,14
part_1767382663346,2026-01-02T19:41:09.251Z,SON_237,0,15
part_1767382663346,2026-01-02T19:41:42.683Z,SON_147,57,16
part_1767382663346,2026-01-02T19:41:42.683Z,SON_177,100,17
part_1767382663346,2026-01-02T19:41:42.683Z,SON_104,72,18
part_1767382663346,2026-01-02T19:41:42.683Z,SON_223,52,19
part_1767382663346,2026-01-02T19:41:42.683Z,SON_148,38,20
part_1767382663346,2026-01-02T19:42:15.169Z,SON_205,0,21
part_1767382663346,2026-01-02T19:42:15.169Z,SON_78,88,22
part_1767382663346,2026-01-02T19:42:15.169Z,SON_253,3,23
part_1767382663346,2026-01-02T19:42:15.169Z,SON_193,9,24
part_1767382663346,2026-01-02T19:42:15.169Z,SON_160,38,25
part_1767382663346,2026-01-02T19:42:50.751Z,SON_74,63,26
part_1767382663346,2026-01-02T19:42:50.751Z,SON_168,43,27
part_1767382663346,2026-01-02T19:42:50.751Z,SON_66,60,28
part_1767382663346,2026-01-02T19:42:50.751Z,SON_65,26,29
part_1767382663346,2026-01-02T19:42:50.751Z,SON_41,29,30
part_1767382663346,2026-01-02T19:43:24.884Z,SON_1,6,31
part_1767382663346,2026-01-02T19:43:24.884Z,SON_127,93,32
part_1767382663346,2026-01-02T19:43:24.884Z,SON_240,23,33
part_1767382663346,2026-01-02T19:43:24.884Z,SON_195,17,34
part_1767382663346,2026-01-02T19:43:24.884Z,SON_209,47,35
part_1767382663346,2026-01-02T19:43:53.466Z,SON_137,15,36
part_1767382663346,2026-01-02T19:43:53.466Z,SON_190,32,37
part_1767382663346,2026-01-02T19:43:53.466Z,SON_211,68,38
part_1767382663346,2026-01-02T19:43:53.466Z,SON_108,44,39
part_1767382663346,2026-01-02T19:43:53.466Z,SON_248,89,40
part_1767382663346,2026-01-02T19:44:31.832Z,SON_184,33,41
part_1767382663346,2026-01-02T19:44:31.832Z,SON_118,18,42
part_1767382663346,2026-01-02T19:44:31.832Z,SON_98,7,43
part_1767382663346,2026-01-02T19:44:31.832Z,SON_138,26,44
part_1767382663346,2026-01-02T19:44:31.832Z,SON_175,67,45
part_1767382663346,2026-01-02T19:45:04.483Z,SON_235,0,46
part_1767382663346,2026-01-02T19:45:04.483Z,SON_129,73,47
part_1767382663346,2026-01-02T19:45:04.483Z,SON_18,72,48
part_1767382663346,2026-01-02T19:45:04.483Z,SON_156,62,49
part_1767382663346,2026-01-02T19:45:04.483Z,SON_152,6,50
part_1767383596675,2026-01-02T19:57:32.623Z,SON_103,79,1
part_1767383596675,2026-01-02T19:57:32.623Z,SON_164,41,2
part_1767383596675,2026-01-02T19:57:32.623Z,SON_135,88,3
part_1767383596675,2026-01-02T19:57:32.623Z,SON_159,66,4
part_1767383596675,2026-01-02T19:57:32.623Z,SON_45,47,5
part_1767383596675,2026-01-02T19:57:32.623Z,SON_120,42,6
part_1767383596675,2026-01-02T19:57:32.623Z,SON_122,88,7
part_1767383596675,2026-01-02T19:57:32.623Z,SON_12,34,8
part_1767383596675,2026-01-02T19:57:32.623Z,SON_67,45,9
part_1767383596675,2026-01-02T19:57:32.623Z,SON_55,43,10
part_1767383596675,2026-01-02T19:58:30.543Z,SON_106,54,11
part_1767383596675,2026-01-02T19:58:30.543Z,SON_256,53,12
part_1767383596675,2026-01-02T19:58:30.543Z,SON_138,68,13
part_1767383596675,2026-01-02T19:58:30.543Z,SON_247,25,14
part_1767383596675,2026-01-02T19:58:30.543Z,SON_200,60,15
part_1767383596675,2026-01-02T20:00:02.729Z,SON_70,98,16
part_1767383596675,2026-01-02T20:00:02.729Z,SON_86,100,17
part_1767383596675,2026-01-02T20:00:02.729Z,SON_57,30,18
part_1767383596675,2026-01-02T20:00:02.729Z,SON_195,52,19
part_1767383596675,2026-01-02T20:00:02.729Z,SON_111,71,20
part_1767384753347,2026-01-02T20:18:09.089Z,SON_10,0,1
part_1767384753347,2026-01-02T20:18:09.089Z,SON_100,100,2
part_1767384753347,2026-01-02T20:18:09.089Z,SON_168,69,3
part_1767384753347,2026-01-02T20:18:09.089Z,SON_154,32,4
part_1767384753347,2026-01-02T20:18:09.089Z,SON_147,61,5
part_1767384753347,2026-01-02T20:18:09.089Z,SON_93,43,6
part_1767384753347,2026-01-02T20:18:09.089Z,SON_16,0,7
part_1767384753347,2026-01-02T20:18:09.089Z,SON_248,77,8
part_1767384753347,2026-01-02T20:18:09.089Z,SON_119,5,9
part_1767384753347,2026-01-02T20:18:09.089Z,SON_170,64,10
part_1767384753347,2026-01-02T20:19:38.825Z,SON_217,59,11
part_1767384753347,2026-01-02T20:19:38.825Z,SON_95,29,12
part_1767384753347,2026-01-02T20:19:38.825Z,SON_183,29,13
part_1767384753347,2026-01-02T20:19:38.825Z,SON_233,84,14
part_1767384753347,2026-01-02T20:19:38.825Z,SON_181,35,15
part_1767384753347,2026-01-02T20:21:07.381Z,SON_7,46,16
part_1767384753347,2026-01-02T20:21:07.381Z,SON_20,86,17
part_1767384753347,2026-01-02T20:21:07.381Z,SON_215,0,18
part_1767384753347,2026-01-02T20:21:07.381Z,SON_74,17,19
part_1767384753347,2026-01-02T20:21:07.381Z,SON_190,43,20
part_1767384753347,2026-01-02T20:22:54.581Z,SON_105,63,21
part_1767384753347,2026-01-02T20:22:54.582Z,SON_242,16,22
part_1767384753347,2026-01-02T20:22:54.582Z,SON_8,41,23
part_1767384753347,2026-01-02T20:22:54.582Z,SON_38,65,24
part_1767384753347,2026-01-02T20:22:54.582Z,SON_135,95,25
part_1767384753347,2026-01-02T20:24:18.277Z,SON_161,29,26
part_1767384753347,2026-01-02T20:24:18.277Z,SON_226,14,27
part_1767384753347,2026-01-02T20:24:18.277Z,SON_49,19,28
part_1767384753347,2026-01-02T20:24:18.277Z,SON_111,27,29
part_1767384753347,2026-01-02T20:24:18.277Z,SON_79,82,30
part_1767384753347,2026-01-02T20:26:49.000Z,SON_149,77,31
part_1767384753347,2026-01-02T20:26:49.000Z,SON_35,81,32
part_1767384753347,2026-01-02T20:26:49.000Z,SON_56,15,33
part_1767384753347,2026-01-02T20:26:49.000Z,SON_110,54,34
part_1767384753347,2026-01-02T20:26:49.000Z,SON_13,77,35
part_1767386367191,2026-01-02T20:45:23.026Z,SON_64,67,1
part_1767386367191,2026-01-02T20:45:23.026Z,SON_103,100,2
part_1767386367191,2026-01-02T20:45:23.026Z,SON_79,100,3
part_1767386367191,2026-01-02T20:45:23.026Z,SON_42,100,4
part_1767386367191,2026-01-02T20:45:23.026Z,SON_37,33,5
part_1767386367191,2026-01-02T20:45:23.026Z,SON_213,33,6
part_1767386367191,2026-01-02T20:45:23.026Z,SON_253,69,7
part_1767386367191,2026-01-02T20:45:23.026Z,SON_202,34,8
part_1767386367191,2026-01-02T20:45:23.026Z,SON_110,33,9
part_1767386367191,2026-01-02T20:45:23.026Z,SON_212,68,10
part_1767386367191,2026-01-02T20:46:08.242Z,SON_136,100,11
part_1767386367191,2026-01-02T20:46:08.242Z,SON_53,100,12
part_1767386367191,2026-01-02T20:46:08.242Z,SON_109,68,13
part_1767386367191,2026-01-02T20:46:08.242Z,SON_112,100,14
part_1767386367191,2026-01-02T20:46:08.242Z,SON_87,67,15
part_1767386367191,2026-01-02T20:47:15.380Z,SON_78,67,16
part_1767386367191,2026-01-02T20:47:15.380Z,SON_138,90,17
part_1767386367191,2026-01-02T20:47:15.380Z,SON_86,100,18
part_1767386367191,2026-01-02T20:47:15.380Z,SON_84,31,19
part_1767386367191,2026-01-02T20:47:15.380Z,SON_52,91,20
part_1767386367191,2026-01-02T20:49:22.545Z,SON_151,97,21
part_1767386367191,2026-01-02T20:49:22.545Z,SON_211,100,22
part_1767386367191,2026-01-02T20:49:22.545Z,SON_201,92,23
part_1767386367191,2026-01-02T20:49:22.545Z,SON_149,100,24
part_1767386367191,2026-01-02T20:49:22.545Z,SON_250,17,25
part_1767390085139,2026-01-02T21:43:19.881Z,SON_11,57,1
part_1767390085139,2026-01-02T21:43:19.881Z,SON_60,68,2
part_1767390085139,2026-01-02T21:43:19.881Z,SON_213,62,3
part_1767390085139,2026-01-02T21:43:19.881Z,SON_142,71,4
part_1767390085139,2026-01-02T21:43:19.881Z,SON_67,71,5
part_1767390085139,2026-01-02T21:43:19.881Z,SON_26,59,6
part_1767390085139,2026-01-02T21:43:19.881Z,SON_6,18,7
part_1767390085139,2026-01-02T21:43:19.881Z,SON_95,100,8
part_1767390085139,2026-01-02T21:43:19.881Z,SON_204,76,9
part_1767390085139,2026-01-02T21:43:19.881Z,SON_244,59,10
part_1767390174215,2026-01-02T21:44:15.002Z,SON_181,69,1
part_1767390174215,2026-01-02T21:44:15.002Z,SON_186,100,2
part_1767390174215,2026-01-02T21:44:15.002Z,SON_245,100,3
part_1767390174215,2026-01-02T21:44:15.002Z,SON_188,100,4
part_1767390174215,2026-01-02T21:44:15.002Z,SON_187,32,5
part_1767390174215,2026-01-02T21:44:15.002Z,SON_242,68,6
part_1767390174215,2026-01-02T21:44:15.002Z,SON_54,100,7
part_1767390174215,2026-01-02T21:44:15.002Z,SON_141,77,8
part_1767390174215,2026-01-02T21:44:15.002Z,SON_73,67,9
part_1767390174215,2026-01-02T21:44:15.002Z,SON_194,69,10
part_1767390859439,2026-01-02T21:56:40.991Z,SON_143,89,1
part_1767390859439,2026-01-02T21:56:40.991Z,SON_227,31,2
part_1767390859439,2026-01-02T21:56:40.991Z,SON_98,68,3
part_1767390859439,2026-01-02T21:56:40.991Z,SON_204,89,4
part_1767390859439,2026-01-02T21:56:40.991Z,SON_218,32,5
part_1767390859439,2026-01-02T21:56:40.991Z,SON_179,85,6
part_1767390859439,2026-01-02T21:56:40.991Z,SON_97,69,7
part_1767390859439,2026-01-02T21:56:40.991Z,SON_4,59,8
part_1767390859439,2026-01-02T21:56:40.991Z,SON_72,66,9
part_1767390859439,2026-01-02T21:56:40.991Z,SON_243,26,10
part_1767391372360,2026-01-02T22:04:30.690Z,SON_80,100,1
part_1767391372360,2026-01-02T22:04:30.690Z,SON_178,67,2
part_1767391372360,2026-01-02T22:04:30.690Z,SON_6,0,3
part_1767391372360,2026-01-02T22:04:30.690Z,SON_59,67,4
part_1767391372360,2026-01-02T22:04:30.690Z,SON_72,81,5
part_1767391372360,2026-01-02T22:04:30.690Z,SON_36,100,6
part_1767391372360,2026-01-02T22:04:30.690Z,SON_243,28,7
part_1767391372360,2026-01-02T22:04:30.690Z,SON_61,92,8
part_1767391372360,2026-01-02T22:04:30.690Z,SON_14,0,9
part_1767391372360,2026-01-02T22:04:30.690Z,SON_169,68,10
part_1767338299491,2026-01-02T07:19:47.444Z,SON_212,76,1
part_1767338299491,2026-01-02T07:19:47.444Z,SON_109,36,2
part_1767338299491,2026-01-02T07:19:47.444Z,SON_13,76,3
part_1767338299491,2026-01-02T07:19:47.444Z,SON_156,42,4
part_1767338299491,2026-01-02T07:19:47.444Z,SON_104,72,5
part_1767338299491,2026-01-02T07:19:47.444Z,SON_69,81,6
part_1767338299491,2026-01-02T07:19:47.444Z,SON_126,67,7
part_1767338299491,2026-01-02T07:19:47.444Z,SON_77,70,8
part_1767338299491,2026-01-02T07:19:47.444Z,SON_176,32,9
part_1767338299491,2026-01-02T07:19:47.444Z,SON_251,42,10
part_1767396035803,2026-01-02T23:24:26.150Z,SON_163,75,1
part_1767396035803,2026-01-02T23:24:26.153Z,SON_216,35,2
part_1767396035803,2026-01-02T23:24:26.153Z,SON_80,93,3
part_1767396035803,2026-01-02T23:24:26.153Z,SON_60,96,4
part_1767396035803,2026-01-02T23:24:26.153Z,SON_155,68,5
part_1767396035803,2026-01-02T23:24:26.153Z,SON_52,70,6
part_1767396035803,2026-01-02T23:24:26.153Z,SON_233,80,7
part_1767396035803,2026-01-02T23:24:26.153Z,SON_133,76,8
part_1767396035803,2026-01-02T23:24:26.153Z,SON_196,27,9
part_1767396035803,2026-01-02T23:24:26.153Z,SON_24,6,10
part_1767396617996,2026-01-02T23:31:53.519Z,SON_239,68,1
part_1767396617996,2026-01-02T23:31:53.520Z,SON_72,100,2
part_1767396617996,2026-01-02T23:31:53.520Z,SON_138,52,3
part_1767396617996,2026-01-02T23:31:53.520Z,SON_181,34,4
part_1767396617996,2026-01-02T23:31:53.520Z,SON_179,100,5
part_1767396617996,2026-01-02T23:31:53.520Z,SON_82,80,6
part_1767396617996,2026-01-02T23:31:53.520Z,SON_106,66,7
part_1767396617996,2026-01-02T23:31:53.520Z,SON_209,68,8
part_1767396617996,2026-01-02T23:31:53.520Z,SON_67,54,9
part_1767396617996,2026-01-02T23:31:53.520Z,SON_35,81,10
part_1767396617996,2026-01-02T23:32:31.144Z,SON_56,56,11
part_1767396617996,2026-01-02T23:32:31.144Z,SON_253,38,12
part_1767396617996,2026-01-02T23:32:31.144Z,SON_120,67,13
part_1767396617996,2026-01-02T23:32:31.145Z,SON_141,100,14
part_1767396617996,2026-01-02T23:32:31.145Z,SON_175,100,15
part_1767405165010,2026-01-03T01:56:25.998Z,SON_114,11,1
part_1767405165010,2026-01-03T01:56:26.004Z,SON_63,0,2
part_1767405165010,2026-01-03T01:56:26.004Z,SON_191,1,3
part_1767405165010,2026-01-03T01:56:26.004Z,SON_5,100,4
part_1767405165010,2026-01-03T01:56:26.004Z,SON_198,100,5
part_1767405165010,2026-01-03T01:56:26.004Z,SON_27,100,6
part_1767405165010,2026-01-03T01:56:26.004Z,SON_95,100,7
part_1767405165010,2026-01-03T01:56:26.004Z,SON_111,60,8
part_1767405165010,2026-01-03T01:56:26.004Z,SON_226,78,9
part_1767405165010,2026-01-03T01:56:26.004Z,SON_78,100,10
part_1767423478042,2026-01-03T07:00:17.477Z,SON_46,45,1
part_1767423478042,2026-01-03T07:00:17.477Z,SON_233,62,2
part_1767423478042,2026-01-03T07:00:17.477Z,SON_244,24,3
part_1767423478042,2026-01-03T07:00:17.477Z,SON_242,10,4
part_1767423478042,2026-01-03T07:00:17.477Z,SON_57,0,5
part_1767423478042,2026-01-03T07:00:17.477Z,SON_82,61,6
part_1767423478042,2026-01-03T07:00:17.477Z,SON_111,22,7
part_1767423478042,2026-01-03T07:00:17.477Z,SON_205,0,8
part_1767423478042,2026-01-03T07:00:17.477Z,SON_206,13,9
part_1767423478042,2026-01-03T07:00:17.477Z,SON_19,20,10
part_1767423478042,2026-01-03T07:02:32.175Z,SON_107,71,11
part_1767423478042,2026-01-03T07:02:32.175Z,SON_126,81,12
part_1767423478042,2026-01-03T07:02:32.175Z,SON_77,78,13
part_1767423478042,2026-01-03T07:02:32.175Z,SON_216,58,14
part_1767423478042,2026-01-03T07:02:32.175Z,SON_227,18,15
part_1767423478042,2026-01-03T07:03:30.872Z,SON_42,44,16
part_1767423478042,2026-01-03T07:03:30.872Z,SON_71,58,17
part_1767423478042,2026-01-03T07:03:30.872Z,SON_94,24,18
part_1767423478042,2026-01-03T07:03:30.872Z,SON_145,85,19
part_1767423478042,2026-01-03T07:03:30.872Z,SON_87,20,20
part_1767423478042,2026-01-03T07:05:07.025Z,SON_194,62,21
part_1767423478042,2026-01-03T07:05:07.025Z,SON_132,29,22
part_1767423478042,2026-01-03T07:05:07.025Z,SON_30,30,23
part_1767423478042,2026-01-03T07:05:07.025Z,SON_160,80,24
part_1767423478042,2026-01-03T07:05:07.025Z,SON_167,18,25
part_1767441115405,2026-01-03T12:02:06.774Z,SON_21,40,1
part_1767441115405,2026-01-03T12:02:06.774Z,SON_207,24,2
part_1767441115405,2026-01-03T12:02:06.774Z,SON_41,56,3
part_1767441115405,2026-01-03T12:02:06.774Z,SON_146,89,4
part_1767441115405,2026-01-03T12:02:06.774Z,SON_178,73,5
part_1767441115405,2026-01-03T12:02:06.774Z,SON_177,69,6
part_1767441115405,2026-01-03T12:02:06.774Z,SON_32,0,7
part_1767441115405,2026-01-03T12:02:06.774Z,SON_209,67,8
part_1767441115405,2026-01-03T12:02:06.774Z,SON_17,77,9
part_1767441115405,2026-01-03T12:02:06.775Z,SON_181,41,10
part_1767441115405,2026-01-03T12:03:13.915Z,SON_22,56,11
part_1767441115405,2026-01-03T12:03:13.915Z,SON_2,57,12
part_1767441115405,2026-01-03T12:03:13.915Z,SON_206,31,13
part_1767441115405,2026-01-03T12:03:13.915Z,SON_64,41,14
part_1767441115405,2026-01-03T12:03:13.915Z,SON_25,69,15
part_1767441115405,2026-01-03T12:04:37.286Z,SON_127,92,16
part_1767441115405,2026-01-03T12:04:37.286Z,SON_145,77,17
part_1767441115405,2026-01-03T12:04:37.286Z,SON_242,5,18
part_1767441115405,2026-01-03T12:04:37.286Z,SON_125,59,19
part_1767441115405,2026-01-03T12:04:37.286Z,SON_84,11,20
part_1767441115405,2026-01-03T12:05:30.170Z,SON_16,0,21
part_1767441115405,2026-01-03T12:05:30.170Z,SON_33,0,22
part_1767441115405,2026-01-03T12:05:30.170Z,SON_9,12,23
part_1767441115405,2026-01-03T12:05:30.170Z,SON_239,83,24
part_1767441115405,2026-01-03T12:05:30.170Z,SON_137,61,25
part_1767441115405,2026-01-03T12:06:23.901Z,SON_92,95,26
part_1767441115405,2026-01-03T12:06:23.901Z,SON_228,38,27
part_1767441115405,2026-01-03T12:06:23.901Z,SON_176,48,28
part_1767441115405,2026-01-03T12:06:23.901Z,SON_198,58,29
part_1767441115405,2026-01-03T12:06:23.901Z,SON_130,60,30
part_1767441115405,2026-01-03T12:07:18.822Z,SON_225,68,31
part_1767441115405,2026-01-03T12:07:18.822Z,SON_232,9,32
part_1767441115405,2026-01-03T12:07:18.822Z,SON_62,25,33
part_1767441115405,2026-01-03T12:07:18.822Z,SON_229,60,34
part_1767441115405,2026-01-03T12:07:18.822Z,SON_140,84,35
part_1767441115405,2026-01-03T12:08:07.525Z,SON_113,94,36
part_1767441115405,2026-01-03T12:08:07.525Z,SON_155,75,37
part_1767441115405,2026-01-03T12:08:07.525Z,SON_166,88,38
part_1767441115405,2026-01-03T12:08:07.525Z,SON_37,0,39
part_1767441115405,2026-01-03T12:08:07.525Z,SON_199,44,40
part_1767441115405,2026-01-03T12:09:04.611Z,SON_77,96,41
part_1767441115405,2026-01-03T12:09:04.611Z,SON_68,98,42
part_1767441115405,2026-01-03T12:09:04.611Z,SON_157,67,43
part_1767441115405,2026-01-03T12:09:04.611Z,SON_29,74,44
part_1767441115405,2026-01-03T12:09:04.611Z,SON_204,66,45
part_1767441115405,2026-01-03T12:10:03.518Z,SON_251,57,46
part_1767441115405,2026-01-03T12:10:03.518Z,SON_154,32,47
part_1767441115405,2026-01-03T12:10:03.518Z,SON_45,79,48
part_1767441115405,2026-01-03T12:10:03.518Z,SON_210,1,49
part_1767441115405,2026-01-03T12:10:03.518Z,SON_24,32,50
part_1767441115405,2026-01-03T12:11:06.872Z,SON_43,0,51
part_1767441115405,2026-01-03T12:11:06.872Z,SON_23,76,52
part_1767441115405,2026-01-03T12:11:06.872Z,SON_39,2,53
part_1767441115405,2026-01-03T12:11:06.872Z,SON_88,94,54
part_1767441115405,2026-01-03T12:11:06.872Z,SON_200,98,55
part_1767444968638,2026-01-03T12:57:54.955Z,SON_206,13,1
part_1767444968638,2026-01-03T12:57:54.955Z,SON_36,82,2
part_1767444968638,2026-01-03T12:57:54.955Z,SON_95,64,3
part_1767444968638,2026-01-03T12:57:54.955Z,SON_88,72,4
part_1767444968638,2026-01-03T12:57:54.955Z,SON_10,9,5
part_1767444968638,2026-01-03T12:57:54.955Z,SON_183,32,6
part_1767444968638,2026-01-03T12:57:54.955Z,SON_21,70,7
part_1767444968638,2026-01-03T12:57:54.955Z,SON_167,19,8
part_1767444968638,2026-01-03T12:57:54.955Z,SON_31,75,9
part_1767444968638,2026-01-03T12:57:54.955Z,SON_126,100,10
part_1767444968638,2026-01-03T12:58:45.520Z,SON_87,63,11
part_1767444968638,2026-01-03T12:58:45.520Z,SON_89,77,12
part_1767444968638,2026-01-03T12:58:45.520Z,SON_100,84,13
part_1767444968638,2026-01-03T12:58:45.520Z,SON_69,100,14
part_1767444968638,2026-01-03T12:58:45.520Z,SON_184,63,15
part_1767445236764,2026-01-03T13:02:42.606Z,SON_156,82,1
part_1767445236764,2026-01-03T13:02:42.606Z,SON_239,74,2
part_1767445236764,2026-01-03T13:02:42.606Z,SON_32,23,3
part_1767445236764,2026-01-03T13:02:42.606Z,SON_209,91,4
part_1767445236764,2026-01-03T13:02:42.606Z,SON_60,42,5
part_1767445236764,2026-01-03T13:02:42.606Z,SON_143,68,6
part_1767445236764,2026-01-03T13:02:42.606Z,SON_87,17,7
part_1767445236764,2026-01-03T13:02:42.606Z,SON_245,31,8
part_1767445236764,2026-01-03T13:02:42.606Z,SON_249,17,9
part_1767445236764,2026-01-03T13:02:42.606Z,SON_97,68,10
part_1767453562084,2026-01-03T15:28:36.758Z,SON_30,2,1
part_1767453562084,2026-01-03T15:28:36.775Z,SON_122,88,2
part_1767453562084,2026-01-03T15:28:36.775Z,SON_149,50,3
part_1767453562084,2026-01-03T15:28:36.775Z,SON_28,5,4
part_1767453562084,2026-01-03T15:28:36.775Z,SON_86,73,5
part_1767453562084,2026-01-03T15:28:36.775Z,SON_223,38,6
part_1767453562084,2026-01-03T15:28:36.775Z,SON_170,28,7
part_1767453562084,2026-01-03T15:28:36.775Z,SON_117,32,8
part_1767453562084,2026-01-03T15:28:36.775Z,SON_166,33,9
part_1767453562084,2026-01-03T15:28:36.775Z,SON_71,33,10
part_1767453562084,2026-01-03T15:32:16.904Z,SON_53,78,11
part_1767453562084,2026-01-03T15:32:16.904Z,SON_77,71,12
part_1767453562084,2026-01-03T15:32:16.904Z,SON_11,52,13
part_1767453562084,2026-01-03T15:32:16.904Z,SON_84,17,14
part_1767453562084,2026-01-03T15:32:16.905Z,SON_221,59,15
part_1767453562084,2026-01-03T15:34:10.059Z,SON_134,60,16
part_1767453562084,2026-01-03T15:34:10.059Z,SON_3,4,17
part_1767453562084,2026-01-03T15:34:10.059Z,SON_229,63,18
part_1767453562084,2026-01-03T15:34:10.059Z,SON_140,56,19
part_1767453562084,2026-01-03T15:34:10.059Z,SON_199,58,20
part_1767453562084,2026-01-03T15:35:41.220Z,SON_179,74,21
part_1767453562084,2026-01-03T15:35:41.220Z,SON_95,55,22
part_1767453562084,2026-01-03T15:35:41.220Z,SON_250,33,23
part_1767453562084,2026-01-03T15:35:41.220Z,SON_52,31,24
part_1767453562084,2026-01-03T15:35:41.220Z,SON_123,47,25
part_1767457045830,2026-01-03T16:20:49.957Z,SON_56,27,1
part_1767457045830,2026-01-03T16:20:49.957Z,SON_96,64,2
part_1767457045830,2026-01-03T16:20:49.957Z,SON_30,19,3
part_1767457045830,2026-01-03T16:20:49.957Z,SON_212,54,4
part_1767457045830,2026-01-03T16:20:49.957Z,SON_79,64,5
part_1767457045830,2026-01-03T16:20:49.957Z,SON_215,4,6
part_1767457045830,2026-01-03T16:20:49.957Z,SON_142,59,7
part_1767457045830,2026-01-03T16:20:49.957Z,SON_181,83,8
part_1767457045830,2026-01-03T16:20:49.957Z,SON_64,43,9
part_1767457045830,2026-01-03T16:20:49.957Z,SON_161,61,10
part_1767457045830,2026-01-03T16:21:39.457Z,SON_209,56,11
part_1767457045830,2026-01-03T16:21:39.457Z,SON_61,72,12
part_1767457045830,2026-01-03T16:21:39.457Z,SON_90,82,13
part_1767457045830,2026-01-03T16:21:39.457Z,SON_122,83,14
part_1767457045830,2026-01-03T16:21:39.457Z,SON_167,15,15
part_1767457045830,2026-01-03T16:22:32.006Z,SON_205,5,16
part_1767457045830,2026-01-03T16:22:32.006Z,SON_95,71,17
part_1767457045830,2026-01-03T16:22:32.006Z,SON_33,15,18
part_1767457045830,2026-01-03T16:22:32.006Z,SON_44,70,19
part_1767457045830,2026-01-03T16:22:32.006Z,SON_154,39,20
part_1767457045830,2026-01-03T16:23:20.973Z,SON_87,63,21
part_1767457045830,2026-01-03T16:23:20.973Z,SON_185,14,22
part_1767457045830,2026-01-03T16:23:20.973Z,SON_204,37,23
part_1767457045830,2026-01-03T16:23:20.973Z,SON_197,27,24
part_1767457045830,2026-01-03T16:23:20.973Z,SON_249,40,25
part_1767457045830,2026-01-03T16:24:10.702Z,SON_243,34,26
part_1767457045830,2026-01-03T16:24:10.702Z,SON_168,36,27
part_1767457045830,2026-01-03T16:24:10.702Z,SON_107,64,28
part_1767457045830,2026-01-03T16:24:10.702Z,SON_225,35,29
part_1767457045830,2026-01-03T16:24:10.702Z,SON_213,2,30
part_1767457045830,2026-01-03T16:25:09.413Z,SON_178,43,31
part_1767457045830,2026-01-03T16:25:09.413Z,SON_184,52,32
part_1767457045830,2026-01-03T16:25:09.413Z,SON_1,30,33
part_1767457045830,2026-01-03T16:25:09.413Z,SON_192,34,34
part_1767457045830,2026-01-03T16:25:09.413Z,SON_94,47,35
part_1767457045830,2026-01-03T16:25:57.675Z,SON_100,79,36
part_1767457045830,2026-01-03T16:25:57.676Z,SON_246,12,37
part_1767457045830,2026-01-03T16:25:57.676Z,SON_224,1,38
part_1767457045830,2026-01-03T16:25:57.676Z,SON_172,20,39
part_1767457045830,2026-01-03T16:25:57.676Z,SON_42,35,40
part_1767457045830,2026-01-03T16:26:49.236Z,SON_67,42,41
part_1767457045830,2026-01-03T16:26:49.236Z,SON_37,0,42
part_1767457045830,2026-01-03T16:26:49.236Z,SON_92,77,43
part_1767457045830,2026-01-03T16:26:49.236Z,SON_17,44,44
part_1767457045830,2026-01-03T16:26:49.236Z,SON_48,53,45
part_1767457045830,2026-01-03T16:27:45.637Z,SON_252,3,46
part_1767457045830,2026-01-03T16:27:45.637Z,SON_80,58,47
part_1767457045830,2026-01-03T16:27:45.637Z,SON_159,59,48
part_1767457045830,2026-01-03T16:27:45.637Z,SON_14,36,49
part_1767457045830,2026-01-03T16:27:45.637Z,SON_98,30,50
part_1767457045830,2026-01-03T16:28:47.869Z,SON_85,52,51
part_1767457045830,2026-01-03T16:28:47.869Z,SON_202,60,52
part_1767457045830,2026-01-03T16:28:47.869Z,SON_105,42,53
part_1767457045830,2026-01-03T16:28:47.869Z,SON_4,41,54
part_1767457045830,2026-01-03T16:28:47.869Z,SON_235,42,55
part_1767457045830,2026-01-03T16:29:51.833Z,SON_76,55,56
part_1767457045830,2026-01-03T16:29:51.833Z,SON_188,11,57
part_1767457045830,2026-01-03T16:29:51.833Z,SON_59,10,58
part_1767457045830,2026-01-03T16:29:51.833Z,SON_34,54,59
part_1767457045830,2026-01-03T16:29:51.833Z,SON_170,4,60
part_1767457045830,2026-01-03T16:30:55.537Z,SON_141,52,61
part_1767457045830,2026-01-03T16:30:55.537Z,SON_27,48,62
part_1767457045830,2026-01-03T16:30:55.537Z,SON_195,43,63
part_1767457045830,2026-01-03T16:30:55.537Z,SON_186,62,64
part_1767457045830,2026-01-03T16:30:55.537Z,SON_58,8,65
part_1767457045830,2026-01-03T16:32:02.636Z,SON_13,62,66
part_1767457045830,2026-01-03T16:32:02.636Z,SON_75,48,67
part_1767457045830,2026-01-03T16:32:02.636Z,SON_68,53,68
part_1767457045830,2026-01-03T16:32:02.636Z,SON_139,46,69
part_1767457045830,2026-01-03T16:32:02.636Z,SON_97,52,70
part_1767457045830,2026-01-03T16:33:07.865Z,SON_145,57,71
part_1767457045830,2026-01-03T16:33:07.865Z,SON_74,66,72
part_1767457045830,2026-01-03T16:33:07.865Z,SON_247,1,73
part_1767457045830,2026-01-03T16:33:07.865Z,SON_117,61,74
part_1767457045830,2026-01-03T16:33:07.865Z,SON_155,76,75
part_1767457045830,2026-01-03T16:34:08.825Z,SON_216,4,76
part_1767457045830,2026-01-03T16:34:08.825Z,SON_5,67,77
part_1767457045830,2026-01-03T16:34:08.825Z,SON_20,49,78
part_1767457045830,2026-01-03T16:34:08.825Z,SON_222,53,79
part_1767457045830,2026-01-03T16:34:08.825Z,SON_126,85,80
part_1767457045830,2026-01-03T16:35:03.374Z,SON_147,53,81
part_1767457045830,2026-01-03T16:35:03.374Z,SON_157,45,82
part_1767457045830,2026-01-03T16:35:03.374Z,SON_242,38,83
part_1767457045830,2026-01-03T16:35:03.374Z,SON_131,70,84
part_1767457045830,2026-01-03T16:35:03.374Z,SON_156,86,85
part_1767457045830,2026-01-03T16:36:00.307Z,SON_140,64,86
part_1767457045830,2026-01-03T16:36:00.307Z,SON_47,69,87
part_1767457045830,2026-01-03T16:36:00.307Z,SON_111,50,88
part_1767457045830,2026-01-03T16:36:00.307Z,SON_21,50,89
part_1767457045830,2026-01-03T16:36:00.307Z,SON_179,67,90
part_1767457045830,2026-01-03T16:36:56.616Z,SON_151,57,91
part_1767457045830,2026-01-03T16:36:56.616Z,SON_256,65,92
part_1767457045830,2026-01-03T16:36:56.616Z,SON_201,67,93
part_1767457045830,2026-01-03T16:36:56.616Z,SON_35,63,94
part_1767457045830,2026-01-03T16:36:56.616Z,SON_176,60,95
part_1767457045830,2026-01-03T16:38:02.929Z,SON_43,3,96
part_1767457045830,2026-01-03T16:38:02.929Z,SON_143,47,97
part_1767457045830,2026-01-03T16:38:02.929Z,SON_24,20,98
part_1767457045830,2026-01-03T16:38:02.929Z,SON_248,54,99
part_1767457045830,2026-01-03T16:38:02.929Z,SON_200,57,100
part_1767457045830,2026-01-03T16:38:59.754Z,SON_93,53,101
part_1767457045830,2026-01-03T16:38:59.754Z,SON_65,40,102
part_1767457045830,2026-01-03T16:38:59.754Z,SON_102,40,103
part_1767457045830,2026-01-03T16:38:59.754Z,SON_199,35,104
part_1767457045830,2026-01-03T16:38:59.754Z,SON_187,29,105
part_1767457045830,2026-01-03T16:40:12.912Z,SON_227,1,106
part_1767457045830,2026-01-03T16:40:12.912Z,SON_124,62,107
part_1767457045830,2026-01-03T16:40:12.912Z,SON_8,15,108
part_1767457045830,2026-01-03T16:40:12.912Z,SON_149,69,109
part_1767457045830,2026-01-03T16:40:12.912Z,SON_169,36,110
part_1767457045830,2026-01-03T16:41:18.060Z,SON_70,66,111
part_1767457045830,2026-01-03T16:41:18.060Z,SON_239,66,112
part_1767457045830,2026-01-03T16:41:18.060Z,SON_55,2,113
part_1767457045830,2026-01-03T16:41:18.060Z,SON_136,55,114
part_1767457045830,2026-01-03T16:41:18.060Z,SON_144,70,115
part_1767457045830,2026-01-03T16:42:10.582Z,SON_39,0,116
part_1767457045830,2026-01-03T16:42:10.582Z,SON_53,53,117
part_1767457045830,2026-01-03T16:42:10.582Z,SON_132,41,118
part_1767457045830,2026-01-03T16:42:10.582Z,SON_207,1,119
part_1767457045830,2026-01-03T16:42:10.582Z,SON_152,0,120
part_1767457045830,2026-01-03T16:43:01.012Z,SON_148,43,121
part_1767457045830,2026-01-03T16:43:01.012Z,SON_214,61,122
part_1767457045830,2026-01-03T16:43:01.012Z,SON_138,61,123
part_1767457045830,2026-01-03T16:43:01.012Z,SON_22,49,124
part_1767457045830,2026-01-03T16:43:01.012Z,SON_133,55,125
part_1767457045830,2026-01-03T16:44:03.685Z,SON_250,31,126
part_1767457045830,2026-01-03T16:44:03.685Z,SON_160,67,127
part_1767457045830,2026-01-03T16:44:03.685Z,SON_7,31,128
part_1767457045830,2026-01-03T16:44:03.685Z,SON_135,50,129
part_1767457045830,2026-01-03T16:44:03.685Z,SON_57,3,130
part_1767457045830,2026-01-03T16:44:57.078Z,SON_221,67,131
part_1767457045830,2026-01-03T16:44:57.078Z,SON_196,66,132
part_1767457045830,2026-01-03T16:44:57.078Z,SON_233,64,133
part_1767457045830,2026-01-03T16:44:57.078Z,SON_171,51,134
part_1767457045830,2026-01-03T16:44:57.078Z,SON_130,54,135
part_1767457045830,2026-01-03T16:48:44.888Z,SON_191,27,136
part_1767457045830,2026-01-03T16:48:44.888Z,SON_15,75,137
part_1767457045830,2026-01-03T16:48:44.888Z,SON_29,60,138
part_1767457045830,2026-01-03T16:48:44.888Z,SON_174,47,139
part_1767457045830,2026-01-03T16:48:44.888Z,SON_109,51,140
part_1767457045830,2026-01-03T16:49:36.824Z,SON_173,77,141
part_1767457045830,2026-01-03T16:49:36.824Z,SON_162,84,142
part_1767457045830,2026-01-03T16:49:36.824Z,SON_28,0,143
part_1767457045830,2026-01-03T16:49:36.824Z,SON_101,47,144
part_1767457045830,2026-01-03T16:49:36.824Z,SON_146,54,145
part_1767457045830,2026-01-03T16:50:28.914Z,SON_110,3,146
part_1767457045830,2026-01-03T16:50:28.914Z,SON_18,47,147
part_1767457045830,2026-01-03T16:50:28.914Z,SON_6,0,148
part_1767457045830,2026-01-03T16:50:28.914Z,SON_150,44,149
part_1767457045830,2026-01-03T16:50:28.914Z,SON_190,56,150
part_1767459124007,2026-01-03T16:54:29.859Z,SON_59,31,1
part_1767459124007,2026-01-03T16:54:29.864Z,SON_216,66,2
part_1767459124007,2026-01-03T16:54:29.864Z,SON_224,0,3
part_1767459124007,2026-01-03T16:54:29.864Z,SON_245,37,4
part_1767459124007,2026-01-03T16:54:29.864Z,SON_47,100,5
part_1767459124007,2026-01-03T16:54:29.864Z,SON_81,100,6
part_1767459124007,2026-01-03T16:54:29.864Z,SON_175,100,7
part_1767459124007,2026-01-03T16:54:29.864Z,SON_112,100,8
part_1767459124007,2026-01-03T16:54:29.864Z,SON_93,67,9
part_1767459124007,2026-01-03T16:54:29.864Z,SON_185,65,10
part_1767459124007,2026-01-03T16:55:18.224Z,SON_100,100,11
part_1767459124007,2026-01-03T16:55:18.224Z,SON_192,31,12
part_1767459124007,2026-01-03T16:55:18.224Z,SON_194,32,13
part_1767459124007,2026-01-03T16:55:18.224Z,SON_183,68,14
part_1767459124007,2026-01-03T16:55:18.224Z,SON_43,0,15
part_1767459124007,2026-01-03T16:56:00.692Z,SON_213,0,16
part_1767459124007,2026-01-03T16:56:00.692Z,SON_146,100,17
part_1767459124007,2026-01-03T16:56:00.692Z,SON_12,64,18
part_1767459124007,2026-01-03T16:56:00.692Z,SON_26,72,19
part_1767459124007,2026-01-03T16:56:00.692Z,SON_234,71,20
part_1767459124007,2026-01-03T16:56:49.864Z,SON_107,100,21
part_1767459124007,2026-01-03T16:56:49.864Z,SON_106,31,22
part_1767459124007,2026-01-03T16:56:49.864Z,SON_2,0,23
part_1767459124007,2026-01-03T16:56:49.864Z,SON_186,100,24
part_1767459124007,2026-01-03T16:56:49.864Z,SON_188,68,25
part_1767459374450,2026-01-03T16:57:54.264Z,SON_25,100,1
part_1767459374450,2026-01-03T16:57:54.265Z,SON_46,17,2
part_1767459374450,2026-01-03T16:57:54.265Z,SON_59,42,3
part_1767459374450,2026-01-03T16:57:54.265Z,SON_80,29,4
part_1767459374450,2026-01-03T16:57:54.265Z,SON_142,67,5
part_1767459374450,2026-01-03T16:57:54.265Z,SON_227,19,6
part_1767459374450,2026-01-03T16:57:54.265Z,SON_5,82,7
part_1767459374450,2026-01-03T16:57:54.265Z,SON_207,41,8
part_1767459374450,2026-01-03T16:57:54.265Z,SON_191,70,9
part_1767459374450,2026-01-03T16:57:54.265Z,SON_108,89,10
part_1767459615560,2026-01-03T17:02:51.131Z,SON_96,78,1
part_1767459615560,2026-01-03T17:02:51.131Z,SON_56,0,2
part_1767459615560,2026-01-03T17:02:51.131Z,SON_159,67,3
part_1767459615560,2026-01-03T17:02:51.131Z,SON_5,32,4
part_1767459615560,2026-01-03T17:02:51.131Z,SON_68,67,5
part_1767459615560,2026-01-03T17:02:51.131Z,SON_149,100,6
part_1767459615560,2026-01-03T17:02:51.131Z,SON_110,0,7
part_1767459615560,2026-01-03T17:02:51.131Z,SON_8,9,8
part_1767459615560,2026-01-03T17:02:51.131Z,SON_119,30,9
part_1767459615560,2026-01-03T17:02:51.131Z,SON_95,100,10
part_1767459615560,2026-01-03T17:05:14.727Z,SON_247,0,11
part_1767459615560,2026-01-03T17:05:14.727Z,SON_34,100,12
part_1767459615560,2026-01-03T17:05:14.727Z,SON_145,83,13
part_1767459615560,2026-01-03T17:05:14.727Z,SON_75,100,14
part_1767459615560,2026-01-03T17:05:14.727Z,SON_19,19,15
part_1767461273132,2026-01-03T17:31:58.608Z,SON_199,8,1
part_1767461273132,2026-01-03T17:31:58.608Z,SON_69,14,2
part_1767461273132,2026-01-03T17:31:58.608Z,SON_29,0,3
part_1767461273132,2026-01-03T17:31:58.608Z,SON_227,0,4
part_1767461273132,2026-01-03T17:31:58.608Z,SON_81,0,5
part_1767461273132,2026-01-03T17:31:58.608Z,SON_229,1,6
part_1767461273132,2026-01-03T17:31:58.608Z,SON_156,12,7
part_1767461380903,2026-01-03T17:32:00.860Z,SON_170,0,1
part_1767461273132,2026-01-03T17:31:58.608Z,SON_236,13,8
part_1767461380903,2026-01-03T17:32:00.882Z,SON_3,0,2
part_1767461273132,2026-01-03T17:31:58.608Z,SON_17,30,10
part_1767461380903,2026-01-03T17:32:00.882Z,SON_234,70,4
part_1767461380903,2026-01-03T17:32:00.882Z,SON_20,100,5
part_1767461380903,2026-01-03T17:32:00.882Z,SON_51,70,6
part_1767461380903,2026-01-03T17:32:00.882Z,SON_157,0,7
part_1767461380903,2026-01-03T17:32:00.882Z,SON_248,100,8
part_1767461380903,2026-01-03T17:32:00.882Z,SON_174,0,9
part_1767461380903,2026-01-03T17:32:00.882Z,SON_2,66,10
part_1767461273132,2026-01-03T17:33:20.467Z,SON_79,45,11
part_1767461273132,2026-01-03T17:33:20.467Z,SON_182,2,12
part_1767461273132,2026-01-03T17:33:20.467Z,SON_65,43,13
part_1767461273132,2026-01-03T17:33:20.467Z,SON_176,0,14
part_1767461273132,2026-01-03T17:33:20.467Z,SON_22,0,15
part_1767461380903,2026-01-03T17:33:55.214Z,SON_200,100,11
part_1767461380903,2026-01-03T17:33:55.221Z,SON_12,0,12
part_1767461380903,2026-01-03T17:33:55.221Z,SON_171,100,13
part_1767461380903,2026-01-03T17:33:55.221Z,SON_11,77,14
part_1767461380903,2026-01-03T17:33:55.221Z,SON_142,81,15
part_1767461380903,2026-01-03T17:34:36.739Z,SON_212,0,16
part_1767461380903,2026-01-03T17:34:36.739Z,SON_65,100,17
part_1767461380903,2026-01-03T17:34:36.739Z,SON_243,0,18
part_1767461380903,2026-01-03T17:34:36.739Z,SON_185,100,19
part_1767461380903,2026-01-03T17:34:36.739Z,SON_204,36,20
part_1767461380903,2026-01-03T17:35:21.748Z,SON_232,0,21
part_1767461380903,2026-01-03T17:35:21.748Z,SON_198,0,22
part_1767461380903,2026-01-03T17:35:21.748Z,SON_34,100,23
part_1767461380903,2026-01-03T17:35:21.748Z,SON_139,66,24
part_1767461380903,2026-01-03T17:35:21.748Z,SON_172,0,25
part_1767461380903,2026-01-03T17:35:56.083Z,SON_80,83,26
part_1767461380903,2026-01-03T17:35:56.083Z,SON_163,0,27
part_1767461380903,2026-01-03T17:35:56.083Z,SON_187,0,28
part_1767461380903,2026-01-03T17:35:56.083Z,SON_81,100,29
part_1767461380903,2026-01-03T17:35:56.083Z,SON_95,76,30
part_1767461380903,2026-01-03T17:36:35.276Z,SON_252,0,31
part_1767461380903,2026-01-03T17:36:35.276Z,SON_162,72,32
part_1767461380903,2026-01-03T17:36:35.276Z,SON_240,31,33
part_1767461380903,2026-01-03T17:36:35.276Z,SON_48,11,34
part_1767461380903,2026-01-03T17:36:35.276Z,SON_98,0,35
part_1767461380903,2026-01-03T17:37:18.066Z,SON_246,100,36
part_1767461380903,2026-01-03T17:37:18.066Z,SON_87,100,37
part_1767461380903,2026-01-03T17:37:18.066Z,SON_47,0,38
part_1767461380903,2026-01-03T17:37:18.066Z,SON_8,1,39
part_1767461380903,2026-01-03T17:37:18.066Z,SON_30,0,40
part_1767461273132,2026-01-03T17:37:19.274Z,SON_214,34,16
part_1767461273132,2026-01-03T17:37:19.274Z,SON_62,14,17
part_1767461273132,2026-01-03T17:37:19.274Z,SON_232,30,18
part_1767461273132,2026-01-03T17:37:19.274Z,SON_1,30,19
part_1767461273132,2026-01-03T17:37:19.274Z,SON_64,0,20
part_1767461380903,2026-01-03T17:37:53.675Z,SON_103,100,41
part_1767461380903,2026-01-03T17:37:53.675Z,SON_96,100,42
part_1767461380903,2026-01-03T17:37:53.675Z,SON_10,0,43
part_1767461380903,2026-01-03T17:37:53.675Z,SON_1,1,44
part_1767461380903,2026-01-03T17:37:53.676Z,SON_7,73,45
part_1767461273132,2026-01-03T17:38:37.105Z,SON_124,47,21
part_1767461273132,2026-01-03T17:38:37.105Z,SON_250,0,22
part_1767461273132,2026-01-03T17:38:37.105Z,SON_122,38,23
part_1767461273132,2026-01-03T17:38:37.105Z,SON_3,0,24
part_1767461273132,2026-01-03T17:38:37.105Z,SON_218,0,25
part_1767461380903,2026-01-03T17:38:38.785Z,SON_105,68,46
part_1767461380903,2026-01-03T17:38:38.785Z,SON_207,0,47
part_1767461380903,2026-01-03T17:38:38.785Z,SON_155,33,48
part_1767461380903,2026-01-03T17:38:38.785Z,SON_230,0,49
part_1767461380903,2026-01-03T17:38:38.785Z,SON_78,71,50
part_1767461273132,2026-01-03T17:39:35.759Z,SON_239,85,26
part_1767461273132,2026-01-03T17:39:35.759Z,SON_128,38,27
part_1767461273132,2026-01-03T17:39:35.759Z,SON_162,19,28
part_1767461273132,2026-01-03T17:39:35.759Z,SON_221,3,29
part_1767461273132,2026-01-03T17:39:35.759Z,SON_161,38,30
part_1767461273132,2026-01-03T17:40:34.822Z,SON_2,3,31
part_1767461273132,2026-01-03T17:40:34.822Z,SON_84,12,32
part_1767461273132,2026-01-03T17:40:34.822Z,SON_80,63,33
part_1767461273132,2026-01-03T17:40:34.822Z,SON_251,73,34
part_1767461273132,2026-01-03T17:40:34.822Z,SON_67,7,35
part_1767461273132,2026-01-03T17:41:30.582Z,SON_118,6,36
part_1767461273132,2026-01-03T17:41:30.582Z,SON_72,43,37
part_1767461273132,2026-01-03T17:41:30.582Z,SON_183,6,38
part_1767461273132,2026-01-03T17:41:30.582Z,SON_173,70,39
part_1767461273132,2026-01-03T17:41:30.582Z,SON_146,84,40
part_1767461273132,2026-01-03T17:42:21.408Z,SON_193,0,41
part_1767461273132,2026-01-03T17:42:21.408Z,SON_107,82,42
part_1767461273132,2026-01-03T17:42:21.408Z,SON_49,1,43
part_1767461273132,2026-01-03T17:42:21.408Z,SON_235,13,44
part_1767461273132,2026-01-03T17:42:21.408Z,SON_98,1,45
part_1767461273132,2026-01-03T17:43:12.356Z,SON_102,25,46
part_1767461273132,2026-01-03T17:43:12.356Z,SON_104,10,47
part_1767461273132,2026-01-03T17:43:12.356Z,SON_26,22,48
part_1767461273132,2026-01-03T17:43:12.356Z,SON_129,8,49
part_1767461273132,2026-01-03T17:43:12.356Z,SON_148,68,50
part_1767462079492,2026-01-03T17:43:53.866Z,SON_208,39,1
part_1767462079492,2026-01-03T17:43:53.866Z,SON_25,32,2
part_1767462079492,2026-01-03T17:43:53.866Z,SON_238,22,3
part_1767462079492,2026-01-03T17:43:53.866Z,SON_183,43,4
part_1767462079492,2026-01-03T17:43:53.866Z,SON_41,24,5
part_1767462079492,2026-01-03T17:43:53.866Z,SON_207,0,6
part_1767462079492,2026-01-03T17:43:53.866Z,SON_52,61,7
part_1767462079492,2026-01-03T17:43:53.866Z,SON_10,0,8
part_1767462079492,2026-01-03T17:43:53.866Z,SON_11,57,9
part_1767462079492,2026-01-03T17:43:53.866Z,SON_230,16,10
part_1767462079492,2026-01-03T17:44:42.074Z,SON_107,86,11
part_1767462079492,2026-01-03T17:44:42.074Z,SON_178,59,12
part_1767462079492,2026-01-03T17:44:42.074Z,SON_13,75,13
part_1767462079492,2026-01-03T17:44:42.074Z,SON_85,39,14
part_1767462079492,2026-01-03T17:44:42.074Z,SON_123,59,15
part_1767463791154,2026-01-03T18:13:26.474Z,SON_86,31,1
part_1767463791154,2026-01-03T18:13:26.486Z,SON_98,0,2
part_1767463791154,2026-01-03T18:13:26.486Z,SON_48,1,3
part_1767463791154,2026-01-03T18:13:26.486Z,SON_58,0,4
part_1767463791154,2026-01-03T18:13:26.486Z,SON_143,0,5
part_1767463791154,2026-01-03T18:13:26.486Z,SON_201,0,6
part_1767463791154,2026-01-03T18:13:26.486Z,SON_212,0,7
part_1767463791154,2026-01-03T18:13:26.487Z,SON_62,0,8
part_1767463791154,2026-01-03T18:13:26.487Z,SON_57,3,9
part_1767463791154,2026-01-03T18:13:26.487Z,SON_65,0,10
part_1767463791154,2026-01-03T18:15:07.247Z,SON_24,32,11
part_1767463791154,2026-01-03T18:15:07.247Z,SON_253,0,12
part_1767463791154,2026-01-03T18:15:07.247Z,SON_158,4,13
part_1767463791154,2026-01-03T18:15:07.247Z,SON_4,38,14
part_1767463791154,2026-01-03T18:15:07.247Z,SON_144,68,15
part_1767465167851,2026-01-03T18:33:55.241Z,SON_99,67,1
part_1767465167851,2026-01-03T18:33:55.245Z,SON_56,32,2
part_1767465167851,2026-01-03T18:33:55.245Z,SON_84,66,3
part_1767465167851,2026-01-03T18:33:55.246Z,SON_149,72,4
part_1767465167851,2026-01-03T18:33:55.246Z,SON_175,73,5
part_1767465167851,2026-01-03T18:33:55.246Z,SON_218,33,6
part_1767465167851,2026-01-03T18:33:55.246Z,SON_35,100,7
part_1767465167851,2026-01-03T18:33:55.246Z,SON_217,94,8
part_1767465167851,2026-01-03T18:33:55.246Z,SON_124,98,9
part_1767465167851,2026-01-03T18:33:55.246Z,SON_202,65,10
part_1767470648876,2026-01-03T20:05:50.273Z,SON_195,30,1
part_1767470648876,2026-01-03T20:05:50.273Z,SON_85,77,2
part_1767470648876,2026-01-03T20:05:50.273Z,SON_38,11,3
part_1767470648876,2026-01-03T20:05:50.273Z,SON_39,0,4
part_1767470648876,2026-01-03T20:05:50.273Z,SON_50,45,5
part_1767470648876,2026-01-03T20:05:50.273Z,SON_137,37,6
part_1767470648876,2026-01-03T20:05:50.273Z,SON_97,9,7
part_1767470648876,2026-01-03T20:05:50.273Z,SON_131,63,8
part_1767470648876,2026-01-03T20:05:50.273Z,SON_146,11,9
part_1767470648876,2026-01-03T20:05:50.273Z,SON_184,18,10
part_1767470648876,2026-01-03T20:06:36.240Z,SON_26,9,11
part_1767470648876,2026-01-03T20:06:36.240Z,SON_93,4,12
part_1767470648876,2026-01-03T20:06:36.240Z,SON_17,37,13
part_1767470648876,2026-01-03T20:06:36.240Z,SON_209,68,14
part_1767470648876,2026-01-03T20:06:36.240Z,SON_182,9,15
part_1767470532168,2026-01-03T20:06:50.669Z,SON_64,0,1
part_1767470532168,2026-01-03T20:06:50.669Z,SON_233,32,2
part_1767470532168,2026-01-03T20:06:50.669Z,SON_20,68,3
part_1767470532168,2026-01-03T20:06:50.669Z,SON_186,73,4
part_1767470532168,2026-01-03T20:06:50.669Z,SON_204,73,5
part_1767470532168,2026-01-03T20:06:50.669Z,SON_144,100,6
part_1767470532168,2026-01-03T20:06:50.669Z,SON_16,0,7
part_1767470532168,2026-01-03T20:06:50.669Z,SON_181,100,8
part_1767470532168,2026-01-03T20:06:50.669Z,SON_79,88,9
part_1767470532168,2026-01-03T20:06:50.669Z,SON_142,33,10
part_1767470648876,2026-01-03T20:07:25.884Z,SON_111,27,16
part_1767470648876,2026-01-03T20:07:25.884Z,SON_90,54,17
part_1767470648876,2026-01-03T20:07:25.884Z,SON_96,68,18
part_1767470648876,2026-01-03T20:07:25.884Z,SON_53,61,19
part_1767470648876,2026-01-03T20:07:25.884Z,SON_185,33,20
part_1767470532168,2026-01-03T20:07:45.949Z,SON_117,64,11
part_1767470532168,2026-01-03T20:07:45.949Z,SON_75,67,12
part_1767470532168,2026-01-03T20:07:45.949Z,SON_167,0,13
part_1767470532168,2026-01-03T20:07:45.949Z,SON_249,61,14
part_1767470532168,2026-01-03T20:07:45.949Z,SON_174,66,15
part_1767470648876,2026-01-03T20:08:13.151Z,SON_70,27,21
part_1767470648876,2026-01-03T20:08:13.151Z,SON_229,13,22
part_1767470648876,2026-01-03T20:08:13.151Z,SON_150,78,23
part_1767470648876,2026-01-03T20:08:13.151Z,SON_145,41,24
part_1767470648876,2026-01-03T20:08:13.151Z,SON_165,67,25
part_1767470532168,2026-01-03T20:08:32.780Z,SON_175,64,16
part_1767470532168,2026-01-03T20:08:32.780Z,SON_4,83,17
part_1767470532168,2026-01-03T20:08:32.780Z,SON_65,63,18
part_1767470532168,2026-01-03T20:08:32.780Z,SON_215,0,19
part_1767470532168,2026-01-03T20:08:32.780Z,SON_184,60,20
part_1767470532168,2026-01-03T20:09:21.812Z,SON_135,32,21
part_1767470532168,2026-01-03T20:09:21.812Z,SON_53,67,22
part_1767470532168,2026-01-03T20:09:21.812Z,SON_55,0,23
part_1767470532168,2026-01-03T20:09:21.812Z,SON_39,0,24
part_1767470532168,2026-01-03T20:09:21.812Z,SON_230,0,25
part_1767484324810,2026-01-03T23:57:46.327Z,SON_22,99,1
part_1767484324810,2026-01-03T23:57:46.448Z,SON_249,33,2
part_1767484324810,2026-01-03T23:57:46.448Z,SON_218,61,3
part_1767484324810,2026-01-03T23:57:46.448Z,SON_86,100,4
part_1767484324810,2026-01-03T23:57:46.448Z,SON_21,45,5
part_1767484324810,2026-01-03T23:57:46.448Z,SON_68,100,6
part_1767484324810,2026-01-03T23:57:46.448Z,SON_125,71,7
part_1767484324810,2026-01-03T23:57:46.448Z,SON_119,59,8
part_1767484324810,2026-01-03T23:57:46.448Z,SON_235,41,9
part_1767484324810,2026-01-03T23:57:46.448Z,SON_179,88,10
part_1767484324810,2026-01-04T00:00:43.069Z,SON_222,66,11
part_1767484324810,2026-01-04T00:00:43.069Z,SON_56,37,12
part_1767484324810,2026-01-04T00:00:43.070Z,SON_248,93,13
part_1767484324810,2026-01-04T00:00:43.070Z,SON_217,94,14
part_1767484324810,2026-01-04T00:00:43.070Z,SON_230,71,15
part_1767484324810,2026-01-04T00:03:09.751Z,SON_85,35,16
part_1767484324810,2026-01-04T00:03:09.751Z,SON_110,37,17
part_1767484324810,2026-01-04T00:03:09.751Z,SON_136,83,18
part_1767484324810,2026-01-04T00:03:09.751Z,SON_174,75,19
part_1767484324810,2026-01-04T00:03:09.751Z,SON_8,79,20
part_1767484324810,2026-01-04T00:04:12.608Z,SON_134,100,21
part_1767484324810,2026-01-04T00:04:12.608Z,SON_182,66,22
part_1767484324810,2026-01-04T00:04:12.608Z,SON_18,79,23
part_1767484324810,2026-01-04T00:04:12.608Z,SON_241,100,24
part_1767484324810,2026-01-04T00:04:12.608Z,SON_60,64,25
part_1767484324810,2026-01-04T00:05:27.011Z,SON_200,100,26
part_1767484324810,2026-01-04T00:05:27.011Z,SON_108,100,27
part_1767484324810,2026-01-04T00:05:27.011Z,SON_77,100,28
part_1767484324810,2026-01-04T00:05:27.011Z,SON_227,85,29
part_1767484324810,2026-01-04T00:05:27.011Z,SON_209,100,30
part_1767484324810,2026-01-04T00:06:41.281Z,SON_13,68,31
part_1767484324810,2026-01-04T00:06:41.282Z,SON_74,71,32
part_1767484324810,2026-01-04T00:06:41.282Z,SON_50,100,33
part_1767484324810,2026-01-04T00:06:41.282Z,SON_138,72,34
part_1767484324810,2026-01-04T00:06:41.282Z,SON_84,37,35
part_1767484324810,2026-01-04T00:07:37.660Z,SON_96,78,36
part_1767484324810,2026-01-04T00:07:37.660Z,SON_180,70,37
part_1767484324810,2026-01-04T00:07:37.660Z,SON_212,86,38
part_1767484324810,2026-01-04T00:07:37.660Z,SON_91,81,39
part_1767484324810,2026-01-04T00:07:37.660Z,SON_76,100,40
part_1767484324810,2026-01-04T00:09:04.858Z,SON_71,70,41
part_1767484324810,2026-01-04T00:09:04.858Z,SON_51,100,42
part_1767484324810,2026-01-04T00:09:04.858Z,SON_34,84,43
part_1767484324810,2026-01-04T00:09:04.858Z,SON_170,82,44
part_1767484324810,2026-01-04T00:09:04.858Z,SON_150,95,45
part_1767484324810,2026-01-04T00:10:37.901Z,SON_26,79,46
part_1767484324810,2026-01-04T00:10:37.901Z,SON_117,100,47
part_1767484324810,2026-01-04T00:10:37.901Z,SON_250,36,48
part_1767484324810,2026-01-04T00:10:37.901Z,SON_103,71,49
part_1767484324810,2026-01-04T00:10:37.901Z,SON_207,41,50
part_1767484324810,2026-01-04T00:13:09.659Z,SON_202,64,51
part_1767484324810,2026-01-04T00:13:09.660Z,SON_167,41,52
part_1767484324810,2026-01-04T00:13:09.660Z,SON_69,100,53
part_1767484324810,2026-01-04T00:13:09.660Z,SON_215,74,54
part_1767484324810,2026-01-04T00:13:09.660Z,SON_58,58,55
part_1767484324810,2026-01-04T00:14:16.556Z,SON_52,63,56
part_1767484324810,2026-01-04T00:14:16.556Z,SON_38,100,57
part_1767484324810,2026-01-04T00:14:16.556Z,SON_105,100,58
part_1767484324810,2026-01-04T00:14:16.556Z,SON_126,80,59
part_1767484324810,2026-01-04T00:14:16.557Z,SON_135,67,60
part_1767484324810,2026-01-04T00:16:25.331Z,SON_243,65,61
part_1767484324810,2026-01-04T00:16:25.331Z,SON_175,100,62
part_1767484324810,2026-01-04T00:16:25.331Z,SON_36,85,63
part_1767484324810,2026-01-04T00:16:25.331Z,SON_61,80,64
part_1767484324810,2026-01-04T00:16:25.331Z,SON_1,69,65
part_1767489877706,2026-01-04T01:30:56.290Z,SON_196,86,1
part_1767489877706,2026-01-04T01:30:56.290Z,SON_87,92,2
part_1767489877706,2026-01-04T01:30:56.290Z,SON_39,0,3
part_1767489877706,2026-01-04T01:30:56.290Z,SON_25,49,4
part_1767489877706,2026-01-04T01:30:56.290Z,SON_129,47,5
part_1767489877706,2026-01-04T01:30:56.290Z,SON_202,45,6
part_1767489877706,2026-01-04T01:30:56.290Z,SON_59,1,7
part_1767489877706,2026-01-04T01:30:56.290Z,SON_96,82,8
part_1767489877706,2026-01-04T01:30:56.290Z,SON_234,55,9
part_1767489877706,2026-01-04T01:30:56.290Z,SON_207,32,10
part_1767489877706,2026-01-04T01:33:46.060Z,SON_250,63,11
part_1767489877706,2026-01-04T01:33:46.060Z,SON_208,21,12
part_1767489877706,2026-01-04T01:33:46.060Z,SON_240,63,13
part_1767489877706,2026-01-04T01:33:46.060Z,SON_149,91,14
part_1767489877706,2026-01-04T01:33:46.060Z,SON_115,94,15
part_1767489877706,2026-01-04T01:35:12.158Z,SON_133,89,16
part_1767489877706,2026-01-04T01:35:12.158Z,SON_160,79,17
part_1767489877706,2026-01-04T01:35:12.158Z,SON_35,75,18
part_1767489877706,2026-01-04T01:35:12.158Z,SON_13,80,19
part_1767489877706,2026-01-04T01:35:12.158Z,SON_56,34,20
part_1767489877706,2026-01-04T01:36:35.241Z,SON_251,45,21
part_1767489877706,2026-01-04T01:36:35.241Z,SON_193,26,22
part_1767489877706,2026-01-04T01:36:35.241Z,SON_69,100,23
part_1767489877706,2026-01-04T01:36:35.241Z,SON_113,59,24
part_1767489877706,2026-01-04T01:36:35.241Z,SON_135,78,25
part_1767489877706,2026-01-04T01:37:44.574Z,SON_102,67,26
part_1767489877706,2026-01-04T01:37:44.574Z,SON_221,69,27
part_1767489877706,2026-01-04T01:37:44.574Z,SON_40,64,28
part_1767489877706,2026-01-04T01:37:44.574Z,SON_182,67,29
part_1767489877706,2026-01-04T01:37:44.574Z,SON_241,82,30
part_1767489877706,2026-01-04T01:39:10.483Z,SON_139,67,31
part_1767489877706,2026-01-04T01:39:10.483Z,SON_63,5,32
part_1767489877706,2026-01-04T01:39:10.483Z,SON_143,63,33
part_1767489877706,2026-01-04T01:39:10.483Z,SON_22,18,34
part_1767489877706,2026-01-04T01:39:10.483Z,SON_142,86,35
part_1767489877706,2026-01-04T01:40:23.682Z,SON_128,60,36
part_1767489877706,2026-01-04T01:40:23.682Z,SON_43,0,37
part_1767489877706,2026-01-04T01:40:23.682Z,SON_114,80,38
part_1767489877706,2026-01-04T01:40:23.682Z,SON_162,82,39
part_1767489877706,2026-01-04T01:40:23.682Z,SON_97,85,40
part_1767489877706,2026-01-04T01:41:13.817Z,SON_246,32,41
part_1767489877706,2026-01-04T01:41:13.817Z,SON_177,81,42
part_1767489877706,2026-01-04T01:41:13.817Z,SON_256,0,43
part_1767489877706,2026-01-04T01:41:13.817Z,SON_204,78,44
part_1767489877706,2026-01-04T01:41:13.818Z,SON_80,89,45
part_1767489877706,2026-01-04T01:42:46.168Z,SON_144,90,46
part_1767489877706,2026-01-04T01:42:46.168Z,SON_168,74,47
part_1767489877706,2026-01-04T01:42:46.168Z,SON_197,10,48
part_1767489877706,2026-01-04T01:42:46.168Z,SON_55,76,49
part_1767489877706,2026-01-04T01:42:46.168Z,SON_236,12,50
part_1767509680874,2026-01-04T06:56:50.744Z,SON_175,31,1
part_1767509680874,2026-01-04T06:56:50.744Z,SON_188,68,2
part_1767509680874,2026-01-04T06:56:50.744Z,SON_13,68,3
part_1767509680874,2026-01-04T06:56:50.744Z,SON_209,100,4
part_1767509680874,2026-01-04T06:56:50.744Z,SON_52,100,5
part_1767509680874,2026-01-04T06:56:50.744Z,SON_176,87,6
part_1767509680874,2026-01-04T06:56:50.744Z,SON_23,100,7
part_1767509680874,2026-01-04T06:56:50.744Z,SON_141,100,8
part_1767509680874,2026-01-04T06:56:50.744Z,SON_232,81,9
part_1767509680874,2026-01-04T06:56:50.744Z,SON_9,95,10
part_1767509680874,2026-01-04T06:57:45.220Z,SON_39,46,11
part_1767509680874,2026-01-04T06:57:45.220Z,SON_109,88,12
part_1767509680874,2026-01-04T06:57:45.220Z,SON_138,91,13
part_1767509680874,2026-01-04T06:57:45.220Z,SON_164,89,14
part_1767509680874,2026-01-04T06:57:45.220Z,SON_35,100,15
part_1767515873292,2026-01-04T08:40:11.176Z,SON_34,77,1
part_1767515873292,2026-01-04T08:40:11.178Z,SON_165,26,2
part_1767515873292,2026-01-04T08:40:11.178Z,SON_144,66,3
part_1767515873292,2026-01-04T08:40:11.178Z,SON_235,22,4
part_1767515873292,2026-01-04T08:40:11.178Z,SON_30,0,5
part_1767515873292,2026-01-04T08:40:11.178Z,SON_210,37,6
part_1767515873292,2026-01-04T08:40:11.178Z,SON_163,81,7
part_1767515873292,2026-01-04T08:40:11.178Z,SON_52,47,8
part_1767515873292,2026-01-04T08:40:11.178Z,SON_84,9,9
part_1767515873292,2026-01-04T08:40:11.178Z,SON_78,12,10
part_1767515873292,2026-01-04T08:41:09.617Z,SON_162,31,11
part_1767515873292,2026-01-04T08:41:09.617Z,SON_224,0,12
part_1767515873292,2026-01-04T08:41:09.617Z,SON_139,42,13
part_1767515873292,2026-01-04T08:41:09.617Z,SON_101,48,14
part_1767515873292,2026-01-04T08:41:09.617Z,SON_66,15,15
part_1767515873292,2026-01-04T08:42:01.921Z,SON_125,47,16
part_1767515873292,2026-01-04T08:42:01.921Z,SON_65,48,17
part_1767515873292,2026-01-04T08:42:01.921Z,SON_18,56,18
part_1767515873292,2026-01-04T08:42:01.921Z,SON_248,59,19
part_1767515873292,2026-01-04T08:42:01.921Z,SON_251,23,20
part_1767520989200,2026-01-04T10:05:55.221Z,SON_166,0,1
part_1767520989200,2026-01-04T10:05:55.221Z,SON_66,0,2
part_1767520989200,2026-01-04T10:05:55.221Z,SON_191,67,3
part_1767520989200,2026-01-04T10:05:55.221Z,SON_89,68,4
part_1767520989200,2026-01-04T10:05:55.221Z,SON_142,66,5
part_1767520989200,2026-01-04T10:05:55.221Z,SON_162,67,6
part_1767520989200,2026-01-04T10:05:55.221Z,SON_68,68,7
part_1767520989200,2026-01-04T10:05:55.221Z,SON_164,100,8
part_1767520989200,2026-01-04T10:05:55.221Z,SON_194,100,9
part_1767520989200,2026-01-04T10:05:55.221Z,SON_151,70,10
part_1767520989200,2026-01-04T10:06:59.490Z,SON_241,100,11
part_1767520989200,2026-01-04T10:06:59.491Z,SON_148,70,12
part_1767520989200,2026-01-04T10:06:59.491Z,SON_94,100,13
part_1767520989200,2026-01-04T10:06:59.491Z,SON_127,100,14
part_1767520989200,2026-01-04T10:06:59.491Z,SON_112,100,15
part_1767520989200,2026-01-04T10:07:54.866Z,SON_72,67,16
part_1767520989200,2026-01-04T10:07:54.866Z,SON_165,66,17
part_1767520989200,2026-01-04T10:07:54.866Z,SON_149,100,18
part_1767520989200,2026-01-04T10:07:54.866Z,SON_240,100,19
part_1767520989200,2026-01-04T10:07:54.866Z,SON_18,70,20
part_1767520989200,2026-01-04T10:08:54.530Z,SON_171,100,21
part_1767520989200,2026-01-04T10:08:54.530Z,SON_216,100,22
part_1767520989200,2026-01-04T10:08:54.530Z,SON_157,65,23
part_1767520989200,2026-01-04T10:08:54.530Z,SON_226,100,24
part_1767520989200,2026-01-04T10:08:54.530Z,SON_11,100,25
part_1767520989200,2026-01-04T10:09:56.058Z,SON_236,68,26
part_1767520989200,2026-01-04T10:09:56.058Z,SON_121,67,27
part_1767520989200,2026-01-04T10:09:56.058Z,SON_80,68,28
part_1767520989200,2026-01-04T10:09:56.058Z,SON_104,100,29
part_1767520989200,2026-01-04T10:09:56.058Z,SON_29,100,30
part_1767520989200,2026-01-04T10:10:53.218Z,SON_168,100,31
part_1767520989200,2026-01-04T10:10:53.218Z,SON_69,100,32
part_1767520989200,2026-01-04T10:10:53.218Z,SON_214,100,33
part_1767520989200,2026-01-04T10:10:53.218Z,SON_220,65,34
part_1767520989200,2026-01-04T10:10:53.218Z,SON_138,100,35
part_1767520989200,2026-01-04T10:12:09.698Z,SON_19,0,36
part_1767520989200,2026-01-04T10:12:09.698Z,SON_27,34,37
part_1767520989200,2026-01-04T10:12:09.698Z,SON_46,100,38
part_1767520989200,2026-01-04T10:12:09.698Z,SON_169,66,39
part_1767520989200,2026-01-04T10:12:09.698Z,SON_47,100,40
part_1767520989200,2026-01-04T10:13:03.017Z,SON_223,33,41
part_1767520989200,2026-01-04T10:13:03.018Z,SON_60,65,42
part_1767520989200,2026-01-04T10:13:03.018Z,SON_163,100,43
part_1767520989200,2026-01-04T10:13:03.018Z,SON_70,34,44
part_1767520989200,2026-01-04T10:13:03.018Z,SON_13,100,45
part_1767520989200,2026-01-04T10:14:00.570Z,SON_155,100,46
part_1767520989200,2026-01-04T10:14:00.570Z,SON_10,100,47
part_1767520989200,2026-01-04T10:14:00.570Z,SON_167,30,48
part_1767520989200,2026-01-04T10:14:00.570Z,SON_210,34,49
part_1767520989200,2026-01-04T10:14:00.570Z,SON_30,0,50
part_1767520989200,2026-01-04T10:14:57.442Z,SON_81,100,51
part_1767520989200,2026-01-04T10:14:57.442Z,SON_8,100,52
part_1767520989200,2026-01-04T10:14:57.442Z,SON_190,100,53
part_1767520989200,2026-01-04T10:14:57.442Z,SON_219,100,54
part_1767520989200,2026-01-04T10:14:57.442Z,SON_101,100,55
part_1767520989200,2026-01-04T10:15:49.379Z,SON_156,34,56
part_1767520989200,2026-01-04T10:15:49.379Z,SON_254,100,57
part_1767520989200,2026-01-04T10:15:49.379Z,SON_103,66,58
part_1767520989200,2026-01-04T10:15:49.379Z,SON_231,68,59
part_1767520989200,2026-01-04T10:15:49.379Z,SON_232,33,60
part_1767523765101,2026-01-04T10:52:17.741Z,SON_33,34,1
part_1767523765101,2026-01-04T10:52:17.741Z,SON_176,100,2
part_1767523765101,2026-01-04T10:52:17.741Z,SON_213,0,3
part_1767523765101,2026-01-04T10:52:17.741Z,SON_214,100,4
part_1767523765101,2026-01-04T10:52:17.741Z,SON_132,70,5
part_1767523765101,2026-01-04T10:52:17.741Z,SON_177,100,6
part_1767523765101,2026-01-04T10:52:17.741Z,SON_118,70,7
part_1767523765101,2026-01-04T10:52:17.741Z,SON_90,100,8
part_1767523765101,2026-01-04T10:52:17.741Z,SON_40,88,9
part_1767523765101,2026-01-04T10:52:17.741Z,SON_10,34,10
part_1767523765101,2026-01-04T10:54:07.330Z,SON_29,80,11
part_1767523765101,2026-01-04T10:54:07.330Z,SON_158,68,12
part_1767523765101,2026-01-04T10:54:07.330Z,SON_149,68,13
part_1767523765101,2026-01-04T10:54:07.330Z,SON_248,66,14
part_1767523765101,2026-01-04T10:54:07.330Z,SON_219,88,15
part_1767529527799,2026-01-04T12:28:36.481Z,SON_17,66,1
part_1767529527799,2026-01-04T12:28:36.481Z,SON_11,0,2
part_1767529527799,2026-01-04T12:28:36.481Z,SON_9,0,3
part_1767529527799,2026-01-04T12:28:36.481Z,SON_31,0,4
part_1767529527799,2026-01-04T12:28:36.481Z,SON_82,100,5
part_1767529527799,2026-01-04T12:28:36.481Z,SON_215,0,6
part_1767529527799,2026-01-04T12:28:36.481Z,SON_160,67,7
part_1767529527799,2026-01-04T12:28:36.481Z,SON_80,33,8
part_1767529527799,2026-01-04T12:28:36.481Z,SON_90,82,9
part_1767529527799,2026-01-04T12:28:36.481Z,SON_162,86,10
part_1767529527799,2026-01-04T12:29:53.800Z,SON_15,0,11
part_1767529527799,2026-01-04T12:29:53.800Z,SON_176,0,12
part_1767529527799,2026-01-04T12:29:53.800Z,SON_228,0,13
part_1767529527799,2026-01-04T12:29:53.800Z,SON_33,0,14
part_1767529527799,2026-01-04T12:29:53.800Z,SON_35,81,15
part_1767546751129,2026-01-04T17:14:42.007Z,SON_175,30,1
part_1767546751129,2026-01-04T17:14:42.007Z,SON_24,21,2
part_1767546751129,2026-01-04T17:14:42.007Z,SON_159,0,3
part_1767546751129,2026-01-04T17:14:42.007Z,SON_28,30,4
part_1767546751129,2026-01-04T17:14:42.007Z,SON_238,15,5
part_1767546751129,2026-01-04T17:14:42.007Z,SON_34,61,6
part_1767546751129,2026-01-04T17:14:42.007Z,SON_233,65,7
part_1767546751129,2026-01-04T17:14:42.007Z,SON_156,66,8
part_1767546751129,2026-01-04T17:14:42.007Z,SON_242,5,9
part_1767546751129,2026-01-04T17:14:42.007Z,SON_254,0,10
part_1767546751129,2026-01-04T17:15:38.782Z,SON_125,26,11
part_1767546751129,2026-01-04T17:15:38.782Z,SON_41,14,12
part_1767546751129,2026-01-04T17:15:38.782Z,SON_193,11,13
part_1767546751129,2026-01-04T17:15:38.782Z,SON_134,56,14
part_1767546751129,2026-01-04T17:15:38.782Z,SON_109,27,15
part_1767546751129,2026-01-04T17:16:38.209Z,SON_122,67,16
part_1767546751129,2026-01-04T17:16:38.209Z,SON_230,62,17
part_1767546751129,2026-01-04T17:16:38.209Z,SON_232,28,18
part_1767546751129,2026-01-04T17:16:38.209Z,SON_247,59,19
part_1767546751129,2026-01-04T17:16:38.209Z,SON_169,66,20
part_1767546751129,2026-01-04T17:17:18.012Z,SON_66,51,21
part_1767546751129,2026-01-04T17:17:18.012Z,SON_29,60,22
part_1767546751129,2026-01-04T17:17:18.012Z,SON_239,68,23
part_1767546751129,2026-01-04T17:17:18.012Z,SON_23,60,24
part_1767546751129,2026-01-04T17:17:18.012Z,SON_115,36,25
part_1767546751129,2026-01-04T17:18:12.953Z,SON_4,68,26
part_1767546751129,2026-01-04T17:18:12.953Z,SON_103,64,27
part_1767546751129,2026-01-04T17:18:12.953Z,SON_140,39,28
part_1767546751129,2026-01-04T17:18:12.953Z,SON_136,58,29
part_1767546751129,2026-01-04T17:18:12.953Z,SON_80,38,30
part_1767546751129,2026-01-04T17:18:54.858Z,SON_127,59,31
part_1767546751129,2026-01-04T17:18:54.858Z,SON_46,40,32
part_1767546751129,2026-01-04T17:18:54.858Z,SON_79,63,33
part_1767546751129,2026-01-04T17:18:54.858Z,SON_16,41,34
part_1767546751129,2026-01-04T17:18:54.858Z,SON_210,30,35
part_1767546751129,2026-01-04T17:19:44.050Z,SON_64,68,36
part_1767546751129,2026-01-04T17:19:44.050Z,SON_173,41,37
part_1767546751129,2026-01-04T17:19:44.050Z,SON_151,60,38
part_1767546751129,2026-01-04T17:19:44.050Z,SON_15,62,39
part_1767546751129,2026-01-04T17:19:44.050Z,SON_123,62,40
part_1767546751129,2026-01-04T17:20:28.356Z,SON_3,0,41
part_1767546751129,2026-01-04T17:20:28.356Z,SON_7,63,42
part_1767546751129,2026-01-04T17:20:28.356Z,SON_130,37,43
part_1767546751129,2026-01-04T17:20:28.356Z,SON_205,0,44
part_1767546751129,2026-01-04T17:20:28.356Z,SON_14,37,45
part_1767546751129,2026-01-04T17:21:27.600Z,SON_190,11,46
part_1767546751129,2026-01-04T17:21:27.600Z,SON_128,14,47
part_1767546751129,2026-01-04T17:21:27.600Z,SON_211,61,48
part_1767546751129,2026-01-04T17:21:27.600Z,SON_77,69,49
part_1767546751129,2026-01-04T17:21:27.600Z,SON_245,2,50
part_1767565788632,2026-01-04T22:31:35.554Z,SON_49,30,1
part_1767565788632,2026-01-04T22:31:35.555Z,SON_84,32,2
part_1767565788632,2026-01-04T22:31:35.555Z,SON_250,71,3
part_1767565788632,2026-01-04T22:31:35.555Z,SON_201,34,4
part_1767565788632,2026-01-04T22:31:35.555Z,SON_222,33,5
part_1767565788632,2026-01-04T22:31:35.555Z,SON_116,70,6
part_1767565788632,2026-01-04T22:31:35.556Z,SON_206,33,7
part_1767565788632,2026-01-04T22:31:35.556Z,SON_248,70,8
part_1767565788632,2026-01-04T22:31:35.556Z,SON_83,36,9
part_1767565788632,2026-01-04T22:31:35.556Z,SON_92,71,10
part_1767565788632,2026-01-04T22:33:11.997Z,SON_17,66,11
part_1767565788632,2026-01-04T22:33:11.998Z,SON_223,72,12
part_1767565788632,2026-01-04T22:33:11.998Z,SON_115,85,13
part_1767565788632,2026-01-04T22:33:11.998Z,SON_140,63,14
part_1767565788632,2026-01-04T22:33:11.998Z,SON_185,33,15
part_1767606188602,2026-01-05T09:47:24.903Z,SON_155,100,1
part_1767606188602,2026-01-05T09:47:24.909Z,SON_200,100,2
part_1767606188602,2026-01-05T09:47:24.909Z,SON_85,32,3
part_1767606188602,2026-01-05T09:47:24.910Z,SON_170,21,4
part_1767606188602,2026-01-05T09:47:24.910Z,SON_156,100,5
part_1767606188602,2026-01-05T09:47:24.910Z,SON_211,100,6
part_1767606188602,2026-01-05T09:47:24.910Z,SON_68,100,7
part_1767606188602,2026-01-05T09:47:24.910Z,SON_64,86,8
part_1767606188602,2026-01-05T09:47:24.910Z,SON_220,100,9
part_1767606188602,2026-01-05T09:47:24.910Z,SON_61,100,10
part_1767606188602,2026-01-05T09:48:39.837Z,SON_254,78,11
part_1767606188602,2026-01-05T09:48:39.837Z,SON_181,68,12
part_1767606188602,2026-01-05T09:48:39.837Z,SON_242,32,13
part_1767606188602,2026-01-05T09:48:39.837Z,SON_233,100,14
part_1767606188602,2026-01-05T09:48:39.837Z,SON_187,30,15
part_1767606188602,2026-01-05T09:49:49.605Z,SON_141,100,16
part_1767606188602,2026-01-05T09:49:49.605Z,SON_228,73,17
part_1767606188602,2026-01-05T09:49:49.605Z,SON_15,100,18
part_1767606188602,2026-01-05T09:49:49.605Z,SON_238,100,19
part_1767606188602,2026-01-05T09:49:49.605Z,SON_224,67,20
part_1767606188602,2026-01-05T09:50:34.254Z,SON_46,100,21
part_1767606188602,2026-01-05T09:50:34.254Z,SON_188,100,22
part_1767606188602,2026-01-05T09:50:34.254Z,SON_183,100,23
part_1767606188602,2026-01-05T09:50:34.254Z,SON_79,100,24
part_1767606188602,2026-01-05T09:50:34.254Z,SON_161,70,25
part_1767606188602,2026-01-05T09:51:46.701Z,SON_109,100,26
part_1767606188602,2026-01-05T09:51:46.701Z,SON_106,74,27
part_1767606188602,2026-01-05T09:51:46.701Z,SON_169,100,28
part_1767606188602,2026-01-05T09:51:46.701Z,SON_38,34,29
part_1767606188602,2026-01-05T09:51:46.701Z,SON_93,98,30
part_1767606188602,2026-01-05T09:52:42.730Z,SON_204,100,31
part_1767606188602,2026-01-05T09:52:42.730Z,SON_192,100,32
part_1767606188602,2026-01-05T09:52:42.730Z,SON_18,70,33
part_1767606188602,2026-01-05T09:52:42.730Z,SON_137,100,34
part_1767606188602,2026-01-05T09:52:42.730Z,SON_89,100,35
part_1767606188602,2026-01-05T09:53:54.459Z,SON_95,35,36
part_1767606188602,2026-01-05T09:53:54.459Z,SON_225,32,37
part_1767606188602,2026-01-05T09:53:54.459Z,SON_82,100,38
part_1767606188602,2026-01-05T09:53:54.459Z,SON_125,100,39
part_1767606188602,2026-01-05T09:53:54.459Z,SON_217,68,40
part_1767606188602,2026-01-05T09:54:52.047Z,SON_237,32,41
part_1767606188602,2026-01-05T09:54:52.047Z,SON_165,100,42
part_1767606188602,2026-01-05T09:54:52.047Z,SON_34,100,43
part_1767606188602,2026-01-05T09:54:52.047Z,SON_128,100,44
part_1767606188602,2026-01-05T09:54:52.047Z,SON_129,69,45
part_1767606188602,2026-01-05T09:55:47.804Z,SON_116,32,46
part_1767606188602,2026-01-05T09:55:47.804Z,SON_88,68,47
part_1767606188602,2026-01-05T09:55:47.804Z,SON_8,32,48
part_1767606188602,2026-01-05T09:55:47.804Z,SON_244,100,49
part_1767606188602,2026-01-05T09:55:47.804Z,SON_177,100,50
part_1767606188602,2026-01-05T09:56:39.634Z,SON_11,33,51
part_1767606188602,2026-01-05T09:56:39.634Z,SON_87,100,52
part_1767606188602,2026-01-05T09:56:39.634Z,SON_27,33,53
part_1767606188602,2026-01-05T09:56:39.634Z,SON_144,73,54
part_1767606188602,2026-01-05T09:56:39.634Z,SON_9,33,55
part_1767606188602,2026-01-05T09:57:40.205Z,SON_19,0,56
part_1767606188602,2026-01-05T09:57:40.205Z,SON_168,100,57
part_1767606188602,2026-01-05T09:57:40.205Z,SON_140,100,58
part_1767606188602,2026-01-05T09:57:40.206Z,SON_81,100,59
part_1767606188602,2026-01-05T09:57:40.206Z,SON_251,100,60
part_1767606188602,2026-01-05T09:58:27.364Z,SON_57,66,61
part_1767606188602,2026-01-05T09:58:27.364Z,SON_48,100,62
part_1767606188602,2026-01-05T09:58:27.364Z,SON_247,0,63
part_1767606188602,2026-01-05T09:58:27.364Z,SON_108,100,64
part_1767606188602,2026-01-05T09:58:27.364Z,SON_13,100,65
part_1767697665313,2026-01-06T13:22:28.127Z,SON_207,100,1
part_1767697665313,2026-01-06T13:22:28.127Z,SON_179,100,2
part_1767697665313,2026-01-06T13:22:28.127Z,SON_167,0,3
part_1767697665313,2026-01-06T13:22:28.127Z,SON_199,74,4
part_1767697665313,2026-01-06T13:22:28.127Z,SON_54,61,5
part_1767697665313,2026-01-06T13:22:28.127Z,SON_66,100,6
part_1767697665313,2026-01-06T13:22:28.127Z,SON_101,50,7
part_1767697665313,2026-01-06T13:22:28.127Z,SON_41,46,8
part_1767697665313,2026-01-06T13:22:28.127Z,SON_11,0,9
part_1767697665313,2026-01-06T13:22:28.127Z,SON_181,33,10
part_1767596967367,2026-01-06T17:25:11.677Z,SON_173,68,1
part_1767596967367,2026-01-06T17:25:11.677Z,SON_85,34,2
part_1767596967367,2026-01-06T17:25:11.677Z,SON_176,15,3
part_1767596967367,2026-01-06T17:25:11.677Z,SON_245,0,4
part_1767596967367,2026-01-06T17:25:11.677Z,SON_23,55,5
part_1767596967367,2026-01-06T17:25:11.677Z,SON_61,64,6
part_1767596967367,2026-01-06T17:25:11.677Z,SON_184,12,7
part_1767596967367,2026-01-06T17:25:11.677Z,SON_15,14,8
part_1767596967367,2026-01-06T17:25:11.677Z,SON_185,71,9
part_1767596967367,2026-01-06T17:25:11.677Z,SON_97,32,10
part_1767596967367,2026-01-06T17:26:07.728Z,SON_43,0,11
part_1767596967367,2026-01-06T17:26:07.728Z,SON_234,79,12
part_1767596967367,2026-01-06T17:26:07.728Z,SON_38,38,13
part_1767596967367,2026-01-06T17:26:07.728Z,SON_46,63,14
part_1767596967367,2026-01-06T17:26:07.728Z,SON_152,23,15
part_1767596967367,2026-01-06T17:27:48.763Z,SON_3,0,16
part_1767596967367,2026-01-06T17:27:48.763Z,SON_246,91,17
part_1767596967367,2026-01-06T17:27:48.763Z,SON_25,68,18
part_1767596967367,2026-01-06T17:27:48.763Z,SON_201,98,19
part_1767596967367,2026-01-06T17:27:48.763Z,SON_54,72,20
part_1767789047511,2026-01-07T12:32:34.405Z,SON_230,67,1
part_1767789047511,2026-01-07T12:32:34.412Z,SON_49,41,2
part_1767789047511,2026-01-07T12:32:34.412Z,SON_80,56,3
part_1767789047511,2026-01-07T12:32:34.412Z,SON_19,0,4
part_1767789047511,2026-01-07T12:32:34.412Z,SON_227,16,5
part_1767789047511,2026-01-07T12:32:34.412Z,SON_96,89,6
part_1767789047511,2026-01-07T12:32:34.412Z,SON_84,19,7
part_1767789047511,2026-01-07T12:32:34.412Z,SON_135,100,8
part_1767789047511,2026-01-07T12:32:34.412Z,SON_79,100,9
part_1767789047511,2026-01-07T12:32:34.412Z,SON_36,88,10
part_1767789047511,2026-01-07T12:33:24.709Z,SON_68,100,11
part_1767789047511,2026-01-07T12:33:24.709Z,SON_163,30,12
part_1767789047511,2026-01-07T12:33:24.709Z,SON_234,66,13
part_1767789047511,2026-01-07T12:33:24.709Z,SON_171,25,14
part_1767789047511,2026-01-07T12:33:24.709Z,SON_22,9,15
part_1767789047511,2026-01-07T12:34:05.690Z,SON_254,0,16
part_1767789047511,2026-01-07T12:34:05.690Z,SON_161,0,17
part_1767789047511,2026-01-07T12:34:05.690Z,SON_152,0,18
part_1767789047511,2026-01-07T12:34:05.690Z,SON_190,0,19
part_1767789047511,2026-01-07T12:34:05.690Z,SON_219,74,20
part_1767789047511,2026-01-07T12:34:42.701Z,SON_85,23,21
part_1767789047511,2026-01-07T12:34:42.702Z,SON_228,0,22
part_1767789047511,2026-01-07T12:34:42.702Z,SON_255,52,23
part_1767789047511,2026-01-07T12:34:42.702Z,SON_184,32,24
part_1767789047511,2026-01-07T12:34:42.702Z,SON_194,0,25
part_1767789047511,2026-01-07T12:35:24.122Z,SON_48,38,26
part_1767789047511,2026-01-07T12:35:24.122Z,SON_187,0,27
part_1767789047511,2026-01-07T12:35:24.122Z,SON_156,83,28
part_1767789047511,2026-01-07T12:35:24.122Z,SON_241,65,29
part_1767789047511,2026-01-07T12:35:24.122Z,SON_74,85,30
part_1767789047511,2026-01-07T12:36:13.067Z,SON_180,6,31
part_1767789047511,2026-01-07T12:36:13.067Z,SON_5,52,32
part_1767789047511,2026-01-07T12:36:13.067Z,SON_110,29,33
part_1767789047511,2026-01-07T12:36:13.067Z,SON_113,37,34
part_1767789047511,2026-01-07T12:36:13.067Z,SON_237,0,35
part_1767789047511,2026-01-07T12:36:59.875Z,SON_103,90,36
part_1767789047511,2026-01-07T12:36:59.875Z,SON_189,65,37
part_1767789047511,2026-01-07T12:36:59.875Z,SON_11,59,38
part_1767789047511,2026-01-07T12:36:59.875Z,SON_132,0,39
part_1767789047511,2026-01-07T12:36:59.875Z,SON_23,84,40
part_1767789351533,2026-01-07T12:37:37.905Z,SON_104,24,1
part_1767789351533,2026-01-07T12:37:37.905Z,SON_237,13,2
part_1767789351533,2026-01-07T12:37:37.905Z,SON_55,36,3
part_1767789351533,2026-01-07T12:37:37.905Z,SON_243,61,4
part_1767789351533,2026-01-07T12:37:37.905Z,SON_188,93,5
part_1767789351533,2026-01-07T12:37:37.905Z,SON_81,74,6
part_1767789351533,2026-01-07T12:37:37.905Z,SON_123,58,7
part_1767789351533,2026-01-07T12:37:37.905Z,SON_254,91,8
part_1767789351533,2026-01-07T12:37:37.905Z,SON_1,24,9
part_1767789351533,2026-01-07T12:37:37.905Z,SON_14,39,10
part_1767789352871,2026-01-07T12:37:44.436Z,SON_255,88,1
part_1767789352871,2026-01-07T12:37:44.436Z,SON_174,92,2
part_1767789352871,2026-01-07T12:37:44.436Z,SON_164,96,3
part_1767789352871,2026-01-07T12:37:44.436Z,SON_242,8,4
part_1767789352871,2026-01-07T12:37:44.436Z,SON_133,77,5
part_1767789352871,2026-01-07T12:37:44.436Z,SON_26,27,6
part_1767789352871,2026-01-07T12:37:44.436Z,SON_238,69,7
part_1767789352871,2026-01-07T12:37:44.436Z,SON_185,96,8
part_1767789352871,2026-01-07T12:37:44.436Z,SON_58,0,9
part_1767789352871,2026-01-07T12:37:44.436Z,SON_232,11,10
part_1767789047511,2026-01-07T12:37:51.773Z,SON_174,24,41
part_1767789047511,2026-01-07T12:37:51.773Z,SON_155,0,42
part_1767789047511,2026-01-07T12:37:51.773Z,SON_143,33,43
part_1767789047511,2026-01-07T12:37:51.773Z,SON_3,0,44
part_1767789047511,2026-01-07T12:37:51.773Z,SON_97,100,45
part_1767789047511,2026-01-07T12:38:37.766Z,SON_118,100,46
part_1767789047511,2026-01-07T12:38:37.766Z,SON_82,100,47
part_1767789047511,2026-01-07T12:38:37.766Z,SON_12,34,48
part_1767789047511,2026-01-07T12:38:37.766Z,SON_139,78,49
part_1767789047511,2026-01-07T12:38:37.766Z,SON_158,42,50
part_1767789555055,2026-01-07T12:41:23.908Z,SON_236,69,1
part_1767789555055,2026-01-07T12:41:23.908Z,SON_165,69,2
part_1767789555055,2026-01-07T12:41:23.908Z,SON_178,84,3
part_1767789555055,2026-01-07T12:41:23.908Z,SON_203,15,4
part_1767789555055,2026-01-07T12:41:23.908Z,SON_184,0,5
part_1767789555055,2026-01-07T12:41:23.908Z,SON_244,0,6
part_1767789555055,2026-01-07T12:41:23.908Z,SON_60,0,7
part_1767789555055,2026-01-07T12:41:23.908Z,SON_198,14,8
part_1767789555055,2026-01-07T12:41:23.908Z,SON_106,37,9
part_1767789555055,2026-01-07T12:41:23.908Z,SON_131,36,10
part_1767790356725,2026-01-07T12:54:36.810Z,SON_131,77,1
part_1767790356725,2026-01-07T12:54:36.810Z,SON_112,60,2
part_1767790356725,2026-01-07T12:54:36.810Z,SON_55,27,3
part_1767790356725,2026-01-07T12:54:36.810Z,SON_240,30,4
part_1767790356725,2026-01-07T12:54:36.810Z,SON_37,10,5
part_1767790356725,2026-01-07T12:54:36.810Z,SON_127,17,6
part_1767790356725,2026-01-07T12:54:36.810Z,SON_110,20,7
part_1767790356725,2026-01-07T12:54:36.810Z,SON_10,22,8
part_1767790356725,2026-01-07T12:54:36.810Z,SON_187,37,9
part_1767790356725,2026-01-07T12:54:36.810Z,SON_171,29,10
part_1767791087556,2026-01-07T13:07:04.921Z,SON_173,67,1
part_1767791087556,2026-01-07T13:07:04.921Z,SON_185,32,2
part_1767791087556,2026-01-07T13:07:04.921Z,SON_148,100,3
part_1767791087556,2026-01-07T13:07:04.921Z,SON_137,67,4
part_1767791087556,2026-01-07T13:07:04.921Z,SON_135,100,5
part_1767791087556,2026-01-07T13:07:04.921Z,SON_3,0,6
part_1767791087556,2026-01-07T13:07:04.921Z,SON_241,100,7
part_1767791087556,2026-01-07T13:07:04.921Z,SON_239,100,8
part_1767791087556,2026-01-07T13:07:04.921Z,SON_189,68,9
part_1767791087556,2026-01-07T13:07:04.921Z,SON_197,65,10
part_1767791087556,2026-01-07T13:08:01.010Z,SON_57,30,11
part_1767791087556,2026-01-07T13:08:01.010Z,SON_167,0,12
part_1767791087556,2026-01-07T13:08:01.010Z,SON_157,100,13
part_1767791087556,2026-01-07T13:08:01.010Z,SON_68,100,14
part_1767791087556,2026-01-07T13:08:01.010Z,SON_98,68,15
part_1767791087556,2026-01-07T13:10:07.438Z,SON_166,73,16
part_1767791087556,2026-01-07T13:10:07.438Z,SON_138,36,17
part_1767791087556,2026-01-07T13:10:07.438Z,SON_116,23,18
part_1767791087556,2026-01-07T13:10:07.438Z,SON_165,0,19
part_1767791087556,2026-01-07T13:10:07.438Z,SON_71,62,20
part_1767791087556,2026-01-07T13:10:47.377Z,SON_145,100,21
part_1767791087556,2026-01-07T13:10:47.377Z,SON_122,100,22
part_1767791087556,2026-01-07T13:10:47.377Z,SON_191,0,23
part_1767791087556,2026-01-07T13:10:47.377Z,SON_47,72,24
part_1767791087556,2026-01-07T13:10:47.377Z,SON_181,30,25
part_1767791087556,2026-01-07T13:11:30.721Z,SON_118,24,26
part_1767791087556,2026-01-07T13:11:30.721Z,SON_36,63,27
part_1767791087556,2026-01-07T13:11:30.721Z,SON_207,0,28
part_1767791087556,2026-01-07T13:11:30.721Z,SON_201,67,29
part_1767791087556,2026-01-07T13:11:30.721Z,SON_154,24,30
part_1767791087556,2026-01-07T13:12:06.067Z,SON_232,27,31
part_1767791087556,2026-01-07T13:12:06.068Z,SON_183,0,32
part_1767791087556,2026-01-07T13:12:06.068Z,SON_23,100,33
part_1767791087556,2026-01-07T13:12:06.068Z,SON_184,69,34
part_1767791087556,2026-01-07T13:12:06.068Z,SON_214,85,35
part_1767791087556,2026-01-07T13:12:45.155Z,SON_13,33,36
part_1767791087556,2026-01-07T13:12:45.155Z,SON_54,17,37
part_1767791087556,2026-01-07T13:12:45.155Z,SON_172,0,38
part_1767791087556,2026-01-07T13:12:45.156Z,SON_53,23,39
part_1767791087556,2026-01-07T13:12:45.156Z,SON_151,23,40
part_1767791087556,2026-01-07T13:13:36.294Z,SON_88,70,41
part_1767791087556,2026-01-07T13:13:36.294Z,SON_124,77,42
part_1767791087556,2026-01-07T13:13:36.294Z,SON_155,14,43
part_1767791087556,2026-01-07T13:13:36.294Z,SON_76,78,44
part_1767791087556,2026-01-07T13:13:36.294Z,SON_45,32,45
part_1767791087556,2026-01-07T13:14:27.377Z,SON_120,54,46
part_1767791087556,2026-01-07T13:14:27.377Z,SON_187,0,47
part_1767791087556,2026-01-07T13:14:27.377Z,SON_220,100,48
part_1767791087556,2026-01-07T13:14:27.377Z,SON_152,24,49
part_1767791087556,2026-01-07T13:14:27.377Z,SON_142,90,50
part_1767791087556,2026-01-07T13:15:01.501Z,SON_11,31,51
part_1767791087556,2026-01-07T13:15:01.501Z,SON_4,93,52
part_1767791087556,2026-01-07T13:15:01.501Z,SON_86,100,53
part_1767791087556,2026-01-07T13:15:01.501Z,SON_240,92,54
part_1767791087556,2026-01-07T13:15:01.501Z,SON_218,71,55
part_1767791087556,2026-01-07T13:15:34.017Z,SON_10,0,56
part_1767791087556,2026-01-07T13:15:34.017Z,SON_143,32,57
part_1767791087556,2026-01-07T13:15:34.017Z,SON_87,74,58
part_1767791087556,2026-01-07T13:15:34.017Z,SON_109,29,59
part_1767791087556,2026-01-07T13:15:34.017Z,SON_195,73,60
part_1767792112308,2026-01-07T13:23:21.004Z,SON_12,100,1
part_1767792112308,2026-01-07T13:23:21.004Z,SON_199,100,2
part_1767792112308,2026-01-07T13:23:21.004Z,SON_239,26,3
part_1767792112308,2026-01-07T13:23:21.004Z,SON_132,20,4
part_1767792112308,2026-01-07T13:23:21.004Z,SON_250,15,5
part_1767792112308,2026-01-07T13:23:21.004Z,SON_145,100,6
part_1767792112308,2026-01-07T13:23:21.004Z,SON_256,16,7
part_1767792112308,2026-01-07T13:23:21.004Z,SON_174,74,8
part_1767792112308,2026-01-07T13:23:21.004Z,SON_46,12,9
part_1767792112308,2026-01-07T13:23:21.004Z,SON_246,17,10
part_1767796147902,2026-01-07T14:30:48.543Z,SON_91,100,1
part_1767796147902,2026-01-07T14:30:48.544Z,SON_243,68,2
part_1767796147902,2026-01-07T14:30:48.544Z,SON_247,0,3
part_1767796147902,2026-01-07T14:30:48.544Z,SON_81,100,4
part_1767796147902,2026-01-07T14:30:48.544Z,SON_18,100,5
part_1767796147902,2026-01-07T14:30:48.544Z,SON_155,72,6
part_1767796147902,2026-01-07T14:30:48.544Z,SON_170,71,7
part_1767796147902,2026-01-07T14:30:48.544Z,SON_162,100,8
part_1767796147902,2026-01-07T14:30:48.544Z,SON_215,0,9
part_1767796147902,2026-01-07T14:30:48.544Z,SON_77,100,10
part_1767796147902,2026-01-07T14:31:32.138Z,SON_179,100,11
part_1767796147902,2026-01-07T14:31:32.138Z,SON_112,82,12
part_1767796147902,2026-01-07T14:31:32.138Z,SON_192,73,13
part_1767796147902,2026-01-07T14:31:32.138Z,SON_217,78,14
part_1767796147902,2026-01-07T14:31:32.138Z,SON_66,94,15
part_1767796147902,2026-01-07T14:32:02.890Z,SON_50,69,16
part_1767796147902,2026-01-07T14:32:02.890Z,SON_183,69,17
part_1767796147902,2026-01-07T14:32:02.890Z,SON_65,75,18
part_1767796147902,2026-01-07T14:32:02.890Z,SON_137,74,19
part_1767796147902,2026-01-07T14:32:02.890Z,SON_28,0,20
part_1767796147902,2026-01-07T14:32:44.900Z,SON_203,100,21
part_1767796147902,2026-01-07T14:32:44.900Z,SON_1,65,22
part_1767796147902,2026-01-07T14:32:44.900Z,SON_69,100,23
part_1767796147902,2026-01-07T14:32:44.900Z,SON_5,80,24
part_1767796147902,2026-01-07T14:32:44.900Z,SON_42,79,25
part_1767798488984,2026-01-07T15:10:15.635Z,SON_233,100,1
part_1767798488984,2026-01-07T15:10:15.635Z,SON_131,66,2
part_1767798488984,2026-01-07T15:10:15.635Z,SON_137,72,3
part_1767798488984,2026-01-07T15:10:15.635Z,SON_105,83,4
part_1767798488984,2026-01-07T15:10:15.635Z,SON_170,17,5
part_1767798488984,2026-01-07T15:10:15.635Z,SON_124,85,6
part_1767798488984,2026-01-07T15:10:15.635Z,SON_116,26,7
part_1767798488984,2026-01-07T15:10:15.635Z,SON_253,9,8
part_1767798488984,2026-01-07T15:10:15.635Z,SON_152,0,9
part_1767798488984,2026-01-07T15:10:15.635Z,SON_158,1,10
part_1767798488984,2026-01-07T15:10:59.306Z,SON_92,75,11
part_1767798488984,2026-01-07T15:10:59.306Z,SON_256,0,12
part_1767798488984,2026-01-07T15:10:59.306Z,SON_78,72,13
part_1767798488984,2026-01-07T15:10:59.306Z,SON_31,24,14
part_1767798488984,2026-01-07T15:10:59.306Z,SON_5,21,15
part_1767798488984,2026-01-07T15:11:50.788Z,SON_96,13,16
part_1767798488984,2026-01-07T15:11:50.788Z,SON_151,29,17
part_1767798488984,2026-01-07T15:11:50.788Z,SON_2,30,18
part_1767798488984,2026-01-07T15:11:50.788Z,SON_194,4,19
part_1767798488984,2026-01-07T15:11:50.788Z,SON_90,62,20
part_1767805030090,2026-01-07T16:58:11.053Z,SON_55,69,1
part_1767805030090,2026-01-07T16:58:11.059Z,SON_40,100,2
part_1767805030090,2026-01-07T16:58:11.059Z,SON_211,100,3
part_1767805030090,2026-01-07T16:58:11.059Z,SON_33,29,4
part_1767805030090,2026-01-07T16:58:11.059Z,SON_165,64,5
part_1767805030090,2026-01-07T16:58:11.059Z,SON_227,23,6
part_1767805030090,2026-01-07T16:58:11.059Z,SON_241,74,7
part_1767805030090,2026-01-07T16:58:11.059Z,SON_114,94,8
part_1767805030090,2026-01-07T16:58:11.059Z,SON_22,37,9
part_1767805030090,2026-01-07T16:58:11.059Z,SON_77,100,10
part_1767804975781,2026-01-07T16:58:29.181Z,SON_124,33,1
part_1767804975781,2026-01-07T16:58:29.181Z,SON_214,17,2
part_1767804975781,2026-01-07T16:58:29.181Z,SON_151,40,3
part_1767804975781,2026-01-07T16:58:29.182Z,SON_177,67,4
part_1767804975781,2026-01-07T16:58:29.182Z,SON_46,83,5
part_1767804975781,2026-01-07T16:58:29.182Z,SON_238,41,6
part_1767804975781,2026-01-07T16:58:29.182Z,SON_219,16,7
part_1767804975781,2026-01-07T16:58:29.182Z,SON_1,67,8
part_1767804975781,2026-01-07T16:58:29.182Z,SON_127,13,9
part_1767804975781,2026-01-07T16:58:29.182Z,SON_185,0,10
part_1767804975781,2026-01-07T16:59:25.445Z,SON_82,68,11
part_1767804975781,2026-01-07T16:59:25.445Z,SON_28,0,12
part_1767804975781,2026-01-07T16:59:25.445Z,SON_247,13,13
part_1767804975781,2026-01-07T16:59:25.445Z,SON_163,32,14
part_1767804975781,2026-01-07T16:59:25.445Z,SON_171,41,15
part_1767805737465,2026-01-07T17:15:30.077Z,SON_171,8,1
part_1767805737465,2026-01-07T17:15:30.077Z,SON_86,63,2
part_1767805737465,2026-01-07T17:15:30.077Z,SON_177,83,3
part_1767805737465,2026-01-07T17:15:30.077Z,SON_14,2,4
part_1767805737465,2026-01-07T17:15:30.077Z,SON_122,78,5
part_1767805737465,2026-01-07T17:15:30.077Z,SON_131,20,6
part_1767805737465,2026-01-07T17:15:30.077Z,SON_92,35,7
part_1767805737465,2026-01-07T17:15:30.077Z,SON_166,64,8
part_1767805737465,2026-01-07T17:15:30.077Z,SON_39,0,9
part_1767805737465,2026-01-07T17:15:30.077Z,SON_173,88,10
part_1767805737465,2026-01-07T17:16:32.273Z,SON_170,38,11
part_1767805737465,2026-01-07T17:16:32.273Z,SON_185,38,12
part_1767805737465,2026-01-07T17:16:32.273Z,SON_256,22,13
part_1767805737465,2026-01-07T17:16:32.273Z,SON_248,88,14
part_1767805737465,2026-01-07T17:16:32.273Z,SON_164,76,15
part_1767805737465,2026-01-07T17:17:01.941Z,SON_181,15,16
part_1767805737465,2026-01-07T17:17:01.941Z,SON_72,100,17
part_1767805737465,2026-01-07T17:17:01.941Z,SON_119,21,18
part_1767805737465,2026-01-07T17:17:01.941Z,SON_90,100,19
part_1767805737465,2026-01-07T17:17:01.941Z,SON_87,93,20
part_1767805737465,2026-01-07T17:17:36.207Z,SON_144,82,21
part_1767805737465,2026-01-07T17:17:36.207Z,SON_202,38,22
part_1767805737465,2026-01-07T17:17:36.207Z,SON_254,19,23
part_1767805737465,2026-01-07T17:17:36.207Z,SON_33,1,24
part_1767805737465,2026-01-07T17:17:36.207Z,SON_137,58,25
part_1767805737465,2026-01-07T17:18:12.311Z,SON_46,9,26
part_1767805737465,2026-01-07T17:18:12.312Z,SON_251,71,27
part_1767805737465,2026-01-07T17:18:12.312Z,SON_155,25,28
part_1767805737465,2026-01-07T17:18:12.312Z,SON_228,33,29
part_1767805737465,2026-01-07T17:18:12.312Z,SON_88,61,30
part_1767805737465,2026-01-07T17:18:39.915Z,SON_226,59,31
part_1767805737465,2026-01-07T17:18:39.915Z,SON_8,36,32
part_1767805737465,2026-01-07T17:18:39.915Z,SON_60,45,33
part_1767805737465,2026-01-07T17:18:39.915Z,SON_117,71,34
part_1767805737465,2026-01-07T17:18:39.915Z,SON_19,0,35
part_1767805737465,2026-01-07T17:19:13.930Z,SON_128,77,36
part_1767805737465,2026-01-07T17:19:13.930Z,SON_250,16,37
part_1767805737465,2026-01-07T17:19:13.930Z,SON_151,59,38
part_1767805737465,2026-01-07T17:19:13.930Z,SON_2,31,39
part_1767805737465,2026-01-07T17:19:13.930Z,SON_52,85,40
part_1767806261640,2026-01-07T17:19:43.338Z,SON_69,100,1
part_1767806261640,2026-01-07T17:19:43.341Z,SON_103,83,2
part_1767806261640,2026-01-07T17:19:43.341Z,SON_75,95,3
part_1767806261640,2026-01-07T17:19:43.341Z,SON_168,78,4
part_1767806261640,2026-01-07T17:19:43.341Z,SON_245,51,5
part_1767806261640,2026-01-07T17:19:43.341Z,SON_219,100,6
part_1767806261640,2026-01-07T17:19:43.341Z,SON_22,28,7
part_1767806261640,2026-01-07T17:19:43.341Z,SON_235,33,8
part_1767806261640,2026-01-07T17:19:43.341Z,SON_15,77,9
part_1767806261640,2026-01-07T17:19:43.341Z,SON_217,49,10
part_1767805737465,2026-01-07T17:19:58.369Z,SON_105,47,41
part_1767805737465,2026-01-07T17:19:58.369Z,SON_142,71,42
part_1767805737465,2026-01-07T17:19:58.369Z,SON_176,62,43
part_1767805737465,2026-01-07T17:19:58.369Z,SON_174,46,44
part_1767805737465,2026-01-07T17:19:58.369Z,SON_61,34,45
part_1767806261640,2026-01-07T17:20:50.950Z,SON_193,25,11
part_1767806261640,2026-01-07T17:20:50.950Z,SON_100,100,12
part_1767806261640,2026-01-07T17:20:50.950Z,SON_152,15,13
part_1767806261640,2026-01-07T17:20:50.950Z,SON_30,0,14
part_1767806261640,2026-01-07T17:20:50.950Z,SON_134,100,15
part_1767805737465,2026-01-07T17:21:21.274Z,SON_210,3,46
part_1767805737465,2026-01-07T17:21:21.274Z,SON_29,20,47
part_1767805737465,2026-01-07T17:21:21.274Z,SON_198,39,48
part_1767805737465,2026-01-07T17:21:21.275Z,SON_65,64,49
part_1767805737465,2026-01-07T17:21:21.275Z,SON_66,25,50
part_1767806261640,2026-01-07T17:21:35.681Z,SON_125,67,16
part_1767806261640,2026-01-07T17:21:35.682Z,SON_122,89,17
part_1767806261640,2026-01-07T17:21:35.682Z,SON_139,76,18
part_1767806261640,2026-01-07T17:21:35.682Z,SON_124,86,19
part_1767806261640,2026-01-07T17:21:35.682Z,SON_160,74,20
part_1767805737465,2026-01-07T17:21:48.411Z,SON_57,28,51
part_1767805737465,2026-01-07T17:21:48.411Z,SON_82,97,52
part_1767805737465,2026-01-07T17:21:48.411Z,SON_232,35,53
part_1767805737465,2026-01-07T17:21:48.411Z,SON_247,11,54
part_1767805737465,2026-01-07T17:21:48.411Z,SON_42,65,55
part_1767806405296,2026-01-07T17:22:13.665Z,SON_161,9,1
part_1767806405296,2026-01-07T17:22:13.665Z,SON_227,0,2
part_1767806405296,2026-01-07T17:22:13.665Z,SON_234,100,3
part_1767806405296,2026-01-07T17:22:13.665Z,SON_134,100,4
part_1767806405296,2026-01-07T17:22:13.665Z,SON_190,27,5
part_1767806405296,2026-01-07T17:22:13.665Z,SON_235,17,6
part_1767806405296,2026-01-07T17:22:13.665Z,SON_150,33,7
part_1767806405296,2026-01-07T17:22:13.665Z,SON_210,9,8
part_1767806405296,2026-01-07T17:22:13.665Z,SON_209,100,9
part_1767806261640,2026-01-07T17:22:15.439Z,SON_243,29,21
part_1767806405296,2026-01-07T17:22:13.665Z,SON_116,74,10
part_1767806261640,2026-01-07T17:22:15.440Z,SON_12,75,22
part_1767806261640,2026-01-07T17:22:15.440Z,SON_203,77,23
part_1767806261640,2026-01-07T17:22:15.440Z,SON_88,75,24
part_1767806261640,2026-01-07T17:22:15.440Z,SON_251,37,25
part_1767806261640,2026-01-07T17:22:52.098Z,SON_209,87,26
part_1767806261640,2026-01-07T17:22:52.098Z,SON_234,81,27
part_1767806261640,2026-01-07T17:22:52.098Z,SON_147,93,28
part_1767806261640,2026-01-07T17:22:52.098Z,SON_70,95,29
part_1767806261640,2026-01-07T17:22:52.098Z,SON_141,69,30
part_1767806261640,2026-01-07T17:23:33.455Z,SON_207,15,31
part_1767806261640,2026-01-07T17:23:33.455Z,SON_117,84,32
part_1767806261640,2026-01-07T17:23:33.455Z,SON_107,71,33
part_1767806261640,2026-01-07T17:23:33.455Z,SON_40,67,34
part_1767806261640,2026-01-07T17:23:33.455Z,SON_51,79,35
part_1767806261640,2026-01-07T17:24:11.998Z,SON_248,67,36
part_1767806261640,2026-01-07T17:24:11.998Z,SON_74,45,37
part_1767806261640,2026-01-07T17:24:11.998Z,SON_199,57,38
part_1767806261640,2026-01-07T17:24:11.998Z,SON_201,80,39
part_1767806261640,2026-01-07T17:24:11.998Z,SON_212,71,40
part_1767806261640,2026-01-07T17:24:53.987Z,SON_188,34,41
part_1767806261640,2026-01-07T17:24:53.987Z,SON_114,83,42
part_1767806261640,2026-01-07T17:24:53.987Z,SON_113,89,43
part_1767806261640,2026-01-07T17:24:53.987Z,SON_236,41,44
part_1767806261640,2026-01-07T17:24:53.987Z,SON_105,51,45
part_1767806261640,2026-01-07T17:25:46.766Z,SON_112,77,46
part_1767806261640,2026-01-07T17:25:46.766Z,SON_37,8,47
part_1767806261640,2026-01-07T17:25:46.766Z,SON_181,69,48
part_1767806261640,2026-01-07T17:25:46.766Z,SON_34,91,49
part_1767806261640,2026-01-07T17:25:46.766Z,SON_101,85,50
part_1767806261640,2026-01-07T17:26:24.746Z,SON_35,98,51
part_1767806261640,2026-01-07T17:26:24.746Z,SON_205,0,52
part_1767806261640,2026-01-07T17:26:24.746Z,SON_20,87,53
part_1767806261640,2026-01-07T17:26:24.746Z,SON_194,75,54
part_1767806261640,2026-01-07T17:26:24.746Z,SON_255,53,55
part_1767806833296,2026-01-07T17:28:37.423Z,SON_38,88,1
part_1767806833296,2026-01-07T17:28:37.423Z,SON_200,82,2
part_1767806833296,2026-01-07T17:28:37.423Z,SON_117,85,3
part_1767806833296,2026-01-07T17:28:37.423Z,SON_199,72,4
part_1767806833296,2026-01-07T17:28:37.423Z,SON_106,61,5
part_1767806833296,2026-01-07T17:28:37.423Z,SON_29,69,6
part_1767806833296,2026-01-07T17:28:37.423Z,SON_57,41,7
part_1767806833296,2026-01-07T17:28:37.423Z,SON_10,28,8
part_1767806833296,2026-01-07T17:28:37.423Z,SON_68,93,9
part_1767806833296,2026-01-07T17:28:37.423Z,SON_48,84,10
part_1767807940061,2026-01-07T17:48:32.630Z,SON_208,32,1
part_1767807940061,2026-01-07T17:48:32.630Z,SON_155,68,2
part_1767807940061,2026-01-07T17:48:32.630Z,SON_5,68,3
part_1767807940061,2026-01-07T17:48:32.630Z,SON_150,100,4
part_1767807940061,2026-01-07T17:48:32.630Z,SON_192,100,5
part_1767807940061,2026-01-07T17:48:32.630Z,SON_118,68,6
part_1767807940061,2026-01-07T17:48:32.630Z,SON_239,68,7
part_1767807940061,2026-01-07T17:48:32.630Z,SON_130,100,8
part_1767807940061,2026-01-07T17:48:32.630Z,SON_37,0,9
part_1767807940061,2026-01-07T17:48:32.630Z,SON_156,100,10
part_1767807940061,2026-01-07T17:49:15.092Z,SON_100,100,11
part_1767807940061,2026-01-07T17:49:15.092Z,SON_72,66,12
part_1767807940061,2026-01-07T17:49:15.092Z,SON_114,67,13
part_1767807940061,2026-01-07T17:49:15.092Z,SON_215,0,14
part_1767807940061,2026-01-07T17:49:15.092Z,SON_183,100,15
part_1767807940061,2026-01-07T17:49:55.837Z,SON_194,33,16
part_1767807940061,2026-01-07T17:49:55.837Z,SON_162,100,17
part_1767807940061,2026-01-07T17:49:55.837Z,SON_244,67,18
part_1767807940061,2026-01-07T17:49:55.837Z,SON_179,100,19
part_1767807940061,2026-01-07T17:49:55.837Z,SON_69,100,20
part_1767807940061,2026-01-07T17:50:29.633Z,SON_197,68,21
part_1767807940061,2026-01-07T17:50:29.634Z,SON_230,33,22
part_1767807940061,2026-01-07T17:50:29.634Z,SON_188,100,23
part_1767807940061,2026-01-07T17:50:29.634Z,SON_247,0,24
part_1767807940061,2026-01-07T17:50:29.634Z,SON_175,100,25
part_1767807940061,2026-01-07T17:50:31.529Z,SON_197,68,21
part_1767807940061,2026-01-07T17:50:31.529Z,SON_230,33,22
part_1767807940061,2026-01-07T17:50:31.529Z,SON_188,100,23
part_1767807940061,2026-01-07T17:50:31.529Z,SON_247,0,24
part_1767807940061,2026-01-07T17:50:31.529Z,SON_175,100,25
part_1767812880526,2026-01-07T19:12:23.036Z,SON_141,35,1
part_1767812880526,2026-01-07T19:12:23.036Z,SON_76,92,2
part_1767812880526,2026-01-07T19:12:23.036Z,SON_72,98,3
part_1767812880526,2026-01-07T19:12:23.036Z,SON_87,67,4
part_1767812880526,2026-01-07T19:12:23.036Z,SON_81,77,5
part_1767812880526,2026-01-07T19:12:23.036Z,SON_208,0,6
part_1767812880526,2026-01-07T19:12:23.036Z,SON_64,7,7
part_1767812880526,2026-01-07T19:12:23.036Z,SON_6,0,8
part_1767812880526,2026-01-07T19:12:23.036Z,SON_27,59,9
part_1767812880526,2026-01-07T19:12:23.036Z,SON_220,69,10
part_1767812880526,2026-01-07T19:13:15.409Z,SON_51,28,11
part_1767812880526,2026-01-07T19:13:15.409Z,SON_101,7,12
part_1767812880526,2026-01-07T19:13:15.409Z,SON_255,2,13
part_1767812880526,2026-01-07T19:13:15.409Z,SON_161,25,14
part_1767812880526,2026-01-07T19:13:15.409Z,SON_176,27,15
part_1767872407393,2026-01-08T11:41:42.369Z,SON_203,0,1
part_1767872407393,2026-01-08T11:41:42.369Z,SON_161,0,2
part_1767872407393,2026-01-08T11:41:42.369Z,SON_133,0,3
part_1767872407393,2026-01-08T11:41:42.369Z,SON_132,0,4
part_1767872407393,2026-01-08T11:41:42.369Z,SON_256,0,5
part_1767872407393,2026-01-08T11:41:42.369Z,SON_117,0,6
part_1767872407393,2026-01-08T11:41:42.369Z,SON_76,0,7
part_1767872407393,2026-01-08T11:41:42.369Z,SON_136,0,8
part_1767872407393,2026-01-08T11:41:42.369Z,SON_40,0,9
part_1767872407393,2026-01-08T11:41:42.369Z,SON_6,0,10
part_1767872407393,2026-01-08T11:42:35.397Z,SON_151,0,11
part_1767872407393,2026-01-08T11:42:35.397Z,SON_174,15,12
part_1767872407393,2026-01-08T11:42:35.397Z,SON_16,0,13
part_1767872407393,2026-01-08T11:42:35.397Z,SON_189,13,14
part_1767872407393,2026-01-08T11:42:35.397Z,SON_75,0,15
part_1767872407393,2026-01-08T11:43:00.182Z,SON_28,0,16
part_1767872407393,2026-01-08T11:43:00.182Z,SON_244,0,17
part_1767872407393,2026-01-08T11:43:00.182Z,SON_101,14,18
part_1767872407393,2026-01-08T11:43:00.182Z,SON_177,14,19
part_1767872407393,2026-01-08T11:43:00.182Z,SON_226,0,20
part_1767872407393,2026-01-08T11:43:24.754Z,SON_52,0,21
part_1767872407393,2026-01-08T11:43:24.754Z,SON_129,0,22
part_1767872407393,2026-01-08T11:43:24.754Z,SON_236,0,23
part_1767872407393,2026-01-08T11:43:24.754Z,SON_130,0,24
part_1767872407393,2026-01-08T11:43:24.754Z,SON_31,0,25
part_1767872407393,2026-01-08T11:43:53.748Z,SON_12,0,26
part_1767872407393,2026-01-08T11:43:53.748Z,SON_175,0,27
part_1767872407393,2026-01-08T11:43:53.748Z,SON_23,0,28
part_1767872407393,2026-01-08T11:43:53.748Z,SON_131,0,29
part_1767872407393,2026-01-08T11:43:53.748Z,SON_44,0,30
part_1767887646745,2026-01-08T15:57:17.972Z,SON_54,100,1
part_1767887646745,2026-01-08T15:57:17.973Z,SON_28,15,2
part_1767887646745,2026-01-08T15:57:17.973Z,SON_219,100,3
part_1767887646745,2026-01-08T15:57:17.973Z,SON_70,100,4
part_1767887646745,2026-01-08T15:57:17.973Z,SON_118,50,5
part_1767887646745,2026-01-08T15:57:17.973Z,SON_42,100,6
part_1767887646745,2026-01-08T15:57:17.973Z,SON_223,83,7
part_1767887646745,2026-01-08T15:57:17.973Z,SON_163,68,8
part_1767887646745,2026-01-08T15:57:17.973Z,SON_130,100,9
part_1767887646745,2026-01-08T15:57:17.973Z,SON_68,100,10
part_1767887646745,2026-01-08T15:58:48.855Z,SON_256,67,11
part_1767887646745,2026-01-08T15:58:48.855Z,SON_52,100,12
part_1767887646745,2026-01-08T15:58:48.855Z,SON_201,100,13
part_1767887646745,2026-01-08T15:58:48.855Z,SON_193,55,14
part_1767887646745,2026-01-08T15:58:48.855Z,SON_23,100,15
part_1767887646745,2026-01-08T15:59:52.988Z,SON_89,100,16
part_1767887646745,2026-01-08T15:59:52.988Z,SON_31,67,17
part_1767887646745,2026-01-08T15:59:52.988Z,SON_191,41,18
part_1767887646745,2026-01-08T15:59:52.988Z,SON_122,100,19
part_1767887646745,2026-01-08T15:59:52.988Z,SON_246,100,20
part_1767887646745,2026-01-08T16:00:56.073Z,SON_114,100,21
part_1767887646745,2026-01-08T16:00:56.073Z,SON_16,32,22
part_1767887646745,2026-01-08T16:00:56.073Z,SON_95,82,23
part_1767887646745,2026-01-08T16:00:56.073Z,SON_174,82,24
part_1767887646745,2026-01-08T16:00:56.073Z,SON_226,68,25
part_1767896891821,2026-01-08T18:31:19.940Z,SON_165,67,1
part_1767896891821,2026-01-08T18:31:19.940Z,SON_194,100,2
part_1767896891821,2026-01-08T18:31:19.940Z,SON_40,100,3
part_1767896891821,2026-01-08T18:31:19.940Z,SON_151,33,4
part_1767896891821,2026-01-08T18:31:19.940Z,SON_166,0,5
part_1767896891821,2026-01-08T18:31:19.940Z,SON_4,100,6
part_1767896891821,2026-01-08T18:31:19.940Z,SON_124,100,7
part_1767896891821,2026-01-08T18:31:19.940Z,SON_94,69,8
part_1767896891821,2026-01-08T18:31:19.940Z,SON_171,33,9
part_1767896891821,2026-01-08T18:31:19.940Z,SON_190,22,10
part_1767896891821,2026-01-08T18:32:10.674Z,SON_37,0,11
part_1767896891821,2026-01-08T18:32:10.674Z,SON_215,0,12
part_1767896891821,2026-01-08T18:32:10.674Z,SON_112,100,13
part_1767896891821,2026-01-08T18:32:10.674Z,SON_118,100,14
part_1767896891821,2026-01-08T18:32:10.674Z,SON_223,100,15
part_1767897193010,2026-01-08T18:35:28.777Z,SON_227,0,1
part_1767897193010,2026-01-08T18:35:28.778Z,SON_117,75,2
part_1767897193010,2026-01-08T18:35:28.778Z,SON_171,61,3
part_1767897193010,2026-01-08T18:35:28.778Z,SON_86,97,4
part_1767897193010,2026-01-08T18:35:28.778Z,SON_200,34,5
part_1767897193010,2026-01-08T18:35:28.778Z,SON_161,57,6
part_1767897193010,2026-01-08T18:35:28.778Z,SON_84,36,7
part_1767897193010,2026-01-08T18:35:28.778Z,SON_140,71,8
part_1767897193010,2026-01-08T18:35:28.778Z,SON_243,11,9
part_1767897193010,2026-01-08T18:35:28.778Z,SON_114,68,10