sound_id,mean_eval,std_eval,nb_eval,min_eval,max_eval,standard_error,is_controversial,osc1_act,osc1_wave,osc1_coarse,osc1_fine,osc1_attack,osc1_decay,osc1_sustain,osc1_release,osc2_act,osc2_wave,osc2_coarse,osc2_fine,osc2_attack,osc2_decay,osc2_sustain,osc2_release,osc3_act,osc3_wave,osc3_coarse,osc3_fine,osc3_attack,osc3_decay,osc3_sustain,osc3_release,osc4_act,osc4_wave,osc4_coarse,osc4_fine,osc4_attack,osc4_decay,osc4_sustain,osc4_release,nb_osc_act,nb_osc_egal_1,nb_osc_egal_2,nb_osc_egal_3,nb_osc_egal_4,presence_of_wave_sin,presence_of_wave_square,presence_of_wave_saw,presence_of_wave_triangle,nb_distinct_waves,nb_osc_fine_not_zero
SON_1,36.5,27.33391404725743,8,1,69,9.663997989592978,1,1,sin,0.5,0,0,1,2,1,1,sin,1.0,60.0,1.0,1.0,0.0,1.0,1,sin,8.0,90.0,2.0,1.0,0.0,2.0,0,0,0.0,0.0,0.0,0.0,0.0,0.0,3,0,0,1,0,1,0,0,0,1,2
SON_10,21.444444444444443,32.33848756169308,9,0,100,10.779495853897693,1,1,sin,2.0,0,0,1,1,0,0,0,0.0,0.0,0.0,0.0,0.0,0.0,0,0,0.0,0.0,0.0,0.0,0.0,0.0,0,0,0.0,0.0,0.0,0.0,0.0,0.0,1,1,0,0,0,1,0,0,0,1,0
SON_100,93.83333333333333,9.68331899023608,6,79,100,3.9531984237801403,0,1,square,2.0,0,0,2,2,1,1,saw,1.0,5.0,1.0,2.0,2.0,0.0,1,sin,2.0,0.0,2.0,1.0,0.0,1.0,1,triangle,0.5,10.0,1.0,0.0,0.0,2.0,4,0,0,0,1,1,1,1,1,4,2
SON_101,50.142857142857146,33.86949744449801,7,7,100,12.801466752697058,1,1,square,3.0,0,0,2,0,1,1,saw,1.0,0.0,2.0,1.0,1.0,2.0,1,square,8.0,0.0,0.0,1.0,0.0,2.0,0,0,0.0,0.0,0.0,0.0,0.0,0.0,3,0,0,1,0,0,1,1,0,2,0
SON_102,44.0,21.283796653792763,3,25,67,12.288205727444508,1,1,square,0.5,0,1,0,1,1,1,saw,2.0,0.0,2.0,2.0,1.0,0.0,0,0,0.0,0.0,0.0,0.0,0.0,0.0,0,0,0.0,0.0,0.0,0.0,0.0,0.0,2,0,1,0,0,0,1,1,0,2,0
SON_103,81.625,14.252192813739226,8,64,100,5.038911092686594,0,1,square,0.5,0,1,1,1,1,1,saw,1.0,85.0,1.0,0.0,2.0,1.0,1,square,1.0,0.0,1.0,0.0,1.0,2.0,1,saw,3.0,15.0,2.0,0.0,1.0,2.0,4,0,0,0,1,0,1,1,0,2,2
SON_104,55.6,37.37378760575385,5,10,100,16.71406593262094,1,1,square,2.0,0,0,2,1,1,1,saw,1.0,95.0,1.0,0.0,0.0,0.0,0,0,0.0,0.0,0.0,0.0,0.0,0.0,0,0,0.0,0.0,0.0,0.0,0.0,0.0,2,0,1,0,0,0,1,1,0,2,1
SON_105,64.85714285714286,20.860078071350962,7,42,100,7.8843684151695035,1,1,square,3.0,0,1,2,1,1,1,saw,9.0,75.0,0.0,0.0,0.0,0.0,0,0,0.0,0.0,0.0,0.0,0.0,0.0,0,0,0.0,0.0,0.0,0.0,0.0,0.0,2,0,1,0,0,0,1,1,0,2,1
SON_106,51.857142857142854,16.201116951500303,7,31,74,6.12344663073467,1,1,square,3.0,0,0,1,1,2,0,0,0.0,0.0,0.0,0.0,0.0,0.0,0,0,0.0,0.0,0.0,0.0,0.0,0.0,0,0,0.0,0.0,0.0,0.0,0.0,0.0,1,1,0,0,0,0,1,0,0,1,0
SON_107,79.0,13.053735097664577,6,64,100,5.329165037789692,0,1,square,8.0,0,1,0,2,0,1,saw,2.0,0.0,1.0,1.0,2.0,0.0,0,0,0.0,0.0,0.0,0.0,0.0,0.0,0,0,0.0,0.0,0.0,0.0,0.0,0.0,2,0,1,0,0,0,1,1,0,2,0
SON_108,83.25,26.67551936389118,4,44,100,13.33775968194559,1,1,square,0.5,0,0,1,1,1,1,saw,1.0,85.0,1.0,2.0,1.0,1.0,0,0,0.0,0.0,0.0,0.0,0.0,0.0,0,0,0.0,0.0,0.0,0.0,0.0,0.0,2,0,1,0,0,0,1,1,0,2,1
SON_109,57.0,29.131884021921184,7,27,100,11.010817192111366,1,1,square,0.5,0,0,1,1,2,1,saw,2.0,0.0,0.0,0.0,0.0,2.0,0,0,0.0,0.0,0.0,0.0,0.0,0.0,0,0,0.0,0.0,0.0,0.0,0.0,0.0,2,0,1,0,0,0,1,1,0,2,0
SON_11,46.6,31.528470379078723,10,0,100,9.970177753904112,1,1,sin,1.0,0,2,1,0,0,1,sin,2.0,0.0,2.0,1.0,1.0,1.0,1,saw,2.0,20.0,1.0,0.0,1.0,0.0,1,saw,2.0,80.0,2.0,1.0,2.0,0.0,4,0,0,0,1,1,0,1,0,2,2
SON_110,25.142857142857142,19.143567861717692,7,0,54,7.235588538370506,1,1,square,2.0,0,0,2,0,2,0,0,0.0,0.0,0.0,0.0,0.0,0.0,0,0,0.0,0.0,0.0,0.0,0.0,0.0,0,0,0.0,0.0,0.0,0.0,0.0,0.0,1,1,0,0,0,0,1,0,0,1,0
SON_111,42.833333333333336,20.370730636544845,6,22,71,8.316315957869273,1,1,square,1.0,0,2,2,2,1,0,0,0.0,0.0,0.0,0.0,0.0,0.0,0,0,0.0,0.0,0.0,0.0,0.0,0.0,0,0,0.0,0.0,0.0,0.0,0.0,0.0,1,1,0,0,0,0,1,0,0,1,0
SON_112,88.42857142857143,15.893994073833285,7,60,100,6.007365094128178,0,1,square,1.0,0,2,0,0,1,1,saw,1.0,0.0,1.0,1.0,1.0,1.0,1,triangle,0.5,5.0,0.0,1.0,1.0,1.0,1,triangle,0.5,0.0,2.0,1.0,1.0,2.0,4,0,0,0,1,0,1,1,1,3,1
SON_113,69.75,26.750389405265363,4,37,94,13.375194702632681,1,1,square,3.0,0,2,1,0,2,1,triangle,9.0,95.0,2.0,1.0,1.0,0.0,0,0,0.0,0.0,0.0,0.0,0.0,0.0,0,0,0.0,0.0,0.0,0.0,0.0,0.0,2,0,1,0,0,0,1,0,1,2,1
SON_114,71.85714285714286,29.481228894719724,7,11,100,11.142857142857142,1,1,square,1.0,0,1,0,1,2,1,triangle,9.0,0.0,2.0,0.0,0.0,0.0,1,sin,3.0,25.0,0.0,2.0,1.0,0.0,1,square,6.0,0.0,2.0,1.0,1.0,2.0,4,0,0,0,1,1,1,0,1,3,1
SON_115,71.66666666666667,31.214312956291913,3,36,94,18.02159198788436,1,1,square,2.0,0,0,0,2,1,1,triangle,0.5,0.0,2.0,1.0,0.0,1.0,0,0,0.0,0.0,0.0,0.0,0.0,0.0,0,0,0.0,0.0,0.0,0.0,0.0,0.0,2,0,1,0,0,0,1,0,1,2,0
SON_116,45.0,24.899799195977465,5,23,74,11.135528725660043,1,1,square,2.0,0,1,0,2,1,0,0,0.0,0.0,0.0,0.0,0.0,0.0,0,0,0.0,0.0,0.0,0.0,0.0,0.0,0,0,0.0,0.0,0.0,0.0,0.0,0.0,1,1,0,0,0,0,1,0,0,1,0
SON_117,63.55555555555556,30.484057764309817,9,0,100,10.161352588103272,1,1,square,2.0,0,1,0,0,0,1,triangle,1.0,0.0,1.0,1.0,2.0,1.0,1,square,5.0,100.0,2.0,0.0,1.0,1.0,1,sin,1.0,0.0,2.0,0.0,1.0,2.0,4,0,0,0,1,1,1,0,1,3,1
SON_118,54.5,36.24913792078372,8,6,100,12.816005617976296,1,1,square,2.0,0,0,0,0,0,1,triangle,1.0,40.0,1.0,0.0,1.0,0.0,1,square,1.0,100.0,2.0,0.0,1.0,2.0,1,square,0.5,0.0,0.0,1.0,1.0,2.0,4,0,0,0,1,0,1,0,1,2,2
SON_119,28.75,22.662377045079214,4,5,59,11.331188522539607,1,1,square,1.0,0,1,1,1,1,0,0,0.0,0.0,0.0,0.0,0.0,0.0,0,0,0.0,0.0,0.0,0.0,0.0,0.0,0,0,0.0,0.0,0.0,0.0,0.0,0.0,1,1,0,0,0,0,1,0,0,1,0
SON_12,43.857142857142854,37.79077740855376,7,0,100,14.28357126783303,1,1,sin,2.0,0,2,1,1,2,1,sin,0.5,0.0,0.0,2.0,2.0,0.0,1,saw,0.5,20.0,1.0,0.0,0.0,2.0,0,0,0.0,0.0,0.0,0.0,0.0,0.0,3,0,0,1,0,1,0,1,0,2,1
SON_120,54.333333333333336,12.503332889007368,3,42,67,7.218802609235905,1,1,square,2.0,0,0,2,0,0,0,0,0.0,0.0,0.0,0.0,0.0,0.0,0,0,0.0,0.0,0.0,0.0,0.0,0.0,0,0,0.0,0.0,0.0,0.0,0.0,0.0,1,1,0,0,0,0,1,0,0,1,0
SON_121,67.0,0.0,1,67,67,0.0,0,1,square,4.0,0,1,1,0,1,1,triangle,7.0,0.0,1.0,1.0,2.0,1.0,1,saw,2.0,85.0,2.0,0.0,1.0,2.0,1,sin,5.0,65.0,0.0,1.0,2.0,1.0,4,0,0,0,1,1,1,1,1,4,2
SON_122,81.22222222222223,19.175360347186295,9,38,100,6.391786782395432,1,1,square,1.0,0,1,2,2,1,1,triangle,2.0,0.0,2.0,2.0,0.0,0.0,1,saw,3.0,85.0,0.0,1.0,0.0,0.0,0,0,0.0,0.0,0.0,0.0,0.0,0.0,3,0,0,1,0,0,1,1,1,3,1
SON_123,56.5,6.557438524302,4,47,62,3.278719262151,1,1,square,2.0,0,0,1,0,2,1,triangle,4.0,80.0,0.0,1.0,2.0,1.0,1,saw,3.0,100.0,2.0,2.0,2.0,1.0,0,0,0.0,0.0,0.0,0.0,0.0,0.0,3,0,0,1,0,0,1,1,1,3,2
SON_124,73.5,24.136516496201946,8,33,100,8.533547244342682,1,1,square,3.0,0,1,2,0,2,1,triangle,7.0,45.0,1.0,0.0,0.0,1.0,1,saw,1.0,25.0,1.0,0.0,0.0,0.0,1,triangle,3.0,75.0,1.0,2.0,1.0,1.0,4,0,0,0,1,0,1,1,1,3,3
SON_125,61.666666666666664,24.816661070068765,6,26,100,10.131359456876675,1,1,square,5.0,0,0,2,1,0,1,triangle,1.0,0.0,2.0,1.0,0.0,0.0,0,0,0.0,0.0,0.0,0.0,0.0,0.0,0,0,0.0,0.0,0.0,0.0,0.0,0.0,2,0,1,0,0,0,1,0,1,2,0
SON_126,82.6,11.844830095868828,5,67,100,5.29716905525961,0,1,square,0.5,0,2,2,1,1,1,triangle,3.0,55.0,1.0,0.0,2.0,2.0,1,triangle,1.0,75.0,2.0,2.0,2.0,0.0,0,0,0.0,0.0,0.0,0.0,0.0,0.0,3,0,0,1,0,0,1,0,1,2,2
SON_127,62.333333333333336,39.34293668076478,6,13,100,16.06168664175023,1,1,square,6.0,0,1,2,2,0,0,0,0.0,0.0,0.0,0.0,0.0,0.0,0,0,0.0,0.0,0.0,0.0,0.0,0.0,0,0,0.0,0.0,0.0,0.0,0.0,0.0,1,1,0,0,0,0,1,0,0,1,0
SON_128,57.8,33.40957946457872,5,14,100,14.941218156495808,1,1,square,2.0,0,1,1,2,1,1,triangle,3.0,0.0,2.0,2.0,2.0,0.0,0,0,0.0,0.0,0.0,0.0,0.0,0.0,0,0,0.0,0.0,0.0,0.0,0.0,0.0,2,0,1,0,0,0,1,0,1,2,0
SON_129,39.4,33.91607288587522,5,0,73,15.16772890053089,1,1,saw,2.0,0,0,1,0,1,1,sin,2.0,95.0,0.0,1.0,1.0,0.0,1,sin,1.0,95.0,2.0,1.0,1.0,2.0,0,0,0.0,0.0,0.0,0.0,0.0,0.0,3,0,0,1,0,1,0,1,0,2,2
SON_13,73.9,19.145350465437932,10,33,100,6.0542914072948655,1,1,sin,0.5,0,0,2,2,0,1,sin,7.0,70.0,1.0,1.0,1.0,0.0,1,triangle,0.5,0.0,0.0,2.0,1.0,1.0,1,sin,0.5,0.0,2.0,1.0,1.0,2.0,4,0,0,0,1,1,0,0,1,2,1
SON_130,58.5,38.344491129756825,6,0,100,15.654072952429985,1,1,saw,2.0,0,0,1,0,0,1,sin,2.0,0.0,1.0,1.0,0.0,0.0,1,sin,0.5,15.0,0.0,2.0,1.0,0.0,1,square,3.0,0.0,2.0,2.0,1.0,2.0,4,0,0,0,1,1,1,1,0,3,1
SON_131,47.42857142857143,29.16537412101973,7,0,77,11.023475259768176,1,1,saw,0.5,0,2,1,0,2,1,sin,1.0,30.0,2.0,1.0,2.0,2.0,0,0,0.0,0.0,0.0,0.0,0.0,0.0,0,0,0.0,0.0,0.0,0.0,0.0,0.0,2,0,1,0,0,1,0,1,0,2,1
SON_132,26.666666666666668,26.665833320312093,6,0,70,10.88628086681173,1,1,saw,1.0,0,2,2,1,0,1,sin,3.0,20.0,0.0,1.0,1.0,1.0,1,sin,1.0,0.0,2.0,2.0,2.0,2.0,0,0,0.0,0.0,0.0,0.0,0.0,0.0,3,0,0,1,0,1,0,1,0,2,1
SON_133,59.4,35.38785102263205,5,0,89,15.825928092848141,1,1,saw,2.0,0,1,1,1,0,1,sin,3.0,0.0,1.0,1.0,0.0,0.0,1,square,7.0,0.0,1.0,0.0,0.0,1.0,1,sin,3.0,75.0,2.0,0.0,1.0,2.0,4,0,0,0,1,1,1,1,0,3,1
SON_134,83.2,23.047776465420693,5,56,100,10.3072789813801,0,1,saw,4.0,0,2,1,0,2,1,sin,1.0,90.0,1.0,2.0,0.0,0.0,1,square,0.5,0.0,2.0,1.0,0.0,1.0,1,square,2.0,0.0,1.0,2.0,2.0,0.0,4,0,0,0,1,1,1,1,0,3,1
SON_135,76.25,24.938495773173077,8,32,100,8.817089736901368,1,1,saw,8.0,0,2,2,1,2,1,sin,0.5,75.0,1.0,0.0,1.0,0.0,1,square,0.5,80.0,1.0,1.0,2.0,0.0,0,0,0.0,0.0,0.0,0.0,0.0,0.0,3,0,0,1,0,1,1,1,0,3,2
SON_136,59.2,37.93019905036091,5,0,100,16.96290069534099,1,1,saw,3.0,0,2,2,0,2,1,sin,7.0,35.0,0.0,1.0,2.0,0.0,1,square,2.0,90.0,0.0,0.0,0.0,1.0,0,0,0.0,0.0,0.0,0.0,0.0,0.0,3,0,0,1,0,1,1,1,0,3,2
SON_137,60.5,25.483888467590095,8,15,100,9.009915173217305,1,1,saw,3.0,0,0,0,1,0,1,sin,2.0,0.0,0.0,0.0,0.0,1.0,0,0,0.0,0.0,0.0,0.0,0.0,0.0,0,0,0.0,0.0,0.0,0.0,0.0,0.0,2,0,1,0,0,1,0,1,0,2,0
SON_138,66.22222222222223,25.292181488445088,9,26,100,8.43072716281503,1,1,saw,1.0,0,0,2,2,1,1,sin,2.0,0.0,2.0,2.0,2.0,0.0,0,0,0.0,0.0,0.0,0.0,0.0,0.0,0,0,0.0,0.0,0.0,0.0,0.0,0.0,2,0,1,0,0,1,0,1,0,2,0
SON_139,62.5,15.149257407543116,6,42,78,6.184658438426491,1,1,saw,1.0,0,2,0,0,2,1,sin,1.0,0.0,1.0,1.0,2.0,1.0,1,saw,1.0,0.0,2.0,1.0,0.0,2.0,0,0,0.0,0.0,0.0,0.0,0.0,0.0,3,0,0,1,0,1,0,1,0,2,0
SON_14,22.8,19.942417105255824,5,0,39,8.91852005660132,0,1,sin,2.0,0,2,2,2,1,1,sin,1.0,0.0,0.0,1.0,0.0,0.0,0,0,0.0,0.0,0.0,0.0,0.0,0.0,0,0,0.0,0.0,0.0,0.0,0.0,0.0,2,0,1,0,0,1,0,0,0,1,0
SON_140,68.14285714285714,19.642034614813298,7,39,100,7.423991262016907,1,1,saw,2.0,0,1,0,2,2,1,sin,4.0,25.0,0.0,2.0,2.0,2.0,1,saw,0.5,0.0,1.0,2.0,1.0,1.0,1,triangle,2.0,100.0,2.0,0.0,0.0,1.0,4,0,0,0,1,1,0,1,1,3,2
SON_141,76.14285714285714,25.932145890307467,7,35,100,9.80142985542846,1,1,saw,1.0,0,0,1,2,1,1,sin,5.0,50.0,2.0,1.0,1.0,2.0,1,triangle,1.0,0.0,1.0,2.0,2.0,0.0,0,0,0.0,0.0,0.0,0.0,0.0,0.0,3,0,0,1,0,1,0,1,1,3,1
SON_142,69.33333333333333,16.918924315688628,9,33,90,5.639641438562876,1,1,saw,2.0,0,1,2,1,1,1,sin,3.0,0.0,2.0,2.0,0.0,2.0,1,triangle,2.0,10.0,0.0,0.0,2.0,2.0,0,0,0.0,0.0,0.0,0.0,0.0,0.0,3,0,0,1,0,1,0,1,1,3,1
SON_143,47.42857142857143,29.12534487839954,7,0,89,11.008345628176277,1,1,saw,2.0,0,1,0,1,2,1,sin,6.0,20.0,1.0,2.0,1.0,0.0,0,0,0.0,0.0,0.0,0.0,0.0,0.0,0,0,0.0,0.0,0.0,0.0,0.0,0.0,2,0,1,0,0,1,0,1,0,2,1
SON_144,78.42857142857143,12.7522173608768,7,66,100,4.8198851145029185,0,1,saw,5.0,0,2,2,2,2,1,sin,1.0,75.0,1.0,2.0,2.0,2.0,1,triangle,5.0,0.0,1.0,2.0,1.0,1.0,1,triangle,7.0,75.0,0.0,1.0,0.0,1.0,4,0,0,0,1,1,0,1,1,3,2
SON_145,77.57142857142857,21.801048467578674,7,41,100,8.240021795096993,1,1,saw,4.0,0,2,1,2,2,1,square,3.0,0.0,2.0,2.0,2.0,0.0,1,sin,8.0,45.0,1.0,2.0,0.0,1.0,1,sin,3.0,0.0,1.0,0.0,2.0,2.0,4,0,0,0,1,1,1,1,0,3,1
SON_146,67.6,35.93466293149276,5,11,100,16.070469812671934,1,1,saw,0.5,0,2,1,2,1,1,square,0.5,65.0,2.0,2.0,1.0,2.0,1,sin,3.0,100.0,2.0,1.0,2.0,0.0,0,0,0.0,0.0,0.0,0.0,0.0,0.0,3,0,0,1,0,1,1,1,0,3,2
SON_147,66.0,18.29389697868299,4,53,93,9.146948489341495,0,1,saw,3.0,0,2,2,2,1,0,0,0.0,0.0,0.0,0.0,0.0,0.0,0,0,0.0,0.0,0.0,0.0,0.0,0.0,0,0,0.0,0.0,0.0,0.0,0.0,0.0,1,1,0,0,0,0,0,1,0,1,0
SON_148,63.8,24.82337607981638,5,38,100,11.101351269102334,1,1,saw,0.5,0,2,2,1,1,1,square,0.5,60.0,0.0,2.0,0.0,2.0,0,0,0.0,0.0,0.0,0.0,0.0,0.0,0,0,0.0,0.0,0.0,0.0,0.0,0.0,2,0,1,0,0,0,1,1,0,2,1
SON_149,80.77777777777777,17.86601366965906,9,50,100,5.955337889886354,0,1,saw,2.0,0,1,1,2,0,1,square,2.0,0.0,1.0,0.0,1.0,0.0,0,0,0.0,0.0,0.0,0.0,0.0,0.0,0,0,0.0,0.0,0.0,0.0,0.0,0.0,2,0,1,0,0,0,1,1,0,2,0
SON_15,54.666666666666664,39.149286924114804,6,0,100,15.982629459649136,1,1,sin,2.0,0,1,1,2,1,1,sin,0.5,80.0,2.0,0.0,0.0,0.0,1,triangle,2.0,0.0,1.0,0.0,2.0,0.0,0,0,0.0,0.0,0.0,0.0,0.0,0.0,3,0,0,1,0,1,0,0,1,2,1
SON_150,70.0,30.14133374620307,5,33,100,13.479614237803691,1,1,saw,3.0,0,0,1,1,0,0,0,0.0,0.0,0.0,0.0,0.0,0.0,0,0,0.0,0.0,0.0,0.0,0.0,0.0,0,0,0.0,0.0,0.0,0.0,0.0,0.0,1,1,0,0,0,0,0,1,0,1,0
SON_151,46.8,27.478476425498314,10,0,97,8.689457213581678,1,1,saw,1.0,0,2,0,2,2,1,square,3.0,50.0,0.0,1.0,2.0,0.0,1,square,3.0,90.0,0.0,1.0,0.0,1.0,1,saw,0.5,90.0,2.0,1.0,2.0,0.0,4,0,0,0,1,0,1,1,0,2,3
SON_152,9.714285714285714,10.843035948083386,7,0,24,4.098282367937443,0,1,saw,0.5,0,0,1,1,2,0,0,0.0,0.0,0.0,0.0,0.0,0.0,0,0,0.0,0.0,0.0,0.0,0.0,0.0,0,0,0.0,0.0,0.0,0.0,0.0,0.0,1,1,0,0,0,0,0,1,0,1,0
SON_154,31.75,6.13052471924984,4,24,39,3.06526235962492,0,1,saw,1.0,0,1,2,1,1,1,square,0.5,0.0,1.0,1.0,2.0,1.0,0,0,0.0,0.0,0.0,0.0,0.0,0.0,0,0,0.0,0.0,0.0,0.0,0.0,0.0,2,0,1,0,0,0,1,1,0,2,0
SON_155,57.36363636363637,33.98020814319044,11,0,100,10.245418246285622,1,1,saw,2.0,0,0,1,2,0,0,0,0.0,0.0,0.0,0.0,0.0,0.0,0,0,0.0,0.0,0.0,0.0,0.0,0.0,0,0,0.0,0.0,0.0,0.0,0.0,0.0,1,1,0,0,0,0,0,1,0,1,0
SON_156,66.7,29.40918223956593,10,12,100,9.3,1,1,saw,8.0,0,2,1,1,1,1,square,1.0,35.0,0.0,0.0,0.0,1.0,1,saw,2.0,70.0,2.0,0.0,1.0,2.0,1,triangle,9.0,20.0,0.0,1.0,0.0,0.0,4,0,0,0,1,0,1,1,1,3,3
SON_157,55.4,36.71920478441765,5,0,100,16.421327595538674,1,1,saw,0.5,0,0,0,1,2,1,square,3.0,5.0,2.0,0.0,0.0,0.0,0,0,0.0,0.0,0.0,0.0,0.0,0.0,0,0,0.0,0.0,0.0,0.0,0.0,0.0,2,0,1,0,0,0,1,1,0,2,1
SON_158,33.8,30.03664428660432,5,1,68,13.432795688165587,1,1,saw,2.0,0,2,2,1,1,0,0,0.0,0.0,0.0,0.0,0.0,0.0,0,0,0.0,0.0,0.0,0.0,0.0,0.0,0,0,0.0,0.0,0.0,0.0,0.0,0.0,1,1,0,0,0,0,0,1,0,1,0
SON_159,57.8,35.46406632071399,5,0,97,15.860012610335467,1,1,saw,1.0,0,0,1,1,1,1,square,3.0,85.0,2.0,2.0,1.0,2.0,1,triangle,3.0,0.0,1.0,1.0,0.0,2.0,0,0,0.0,0.0,0.0,0.0,0.0,0.0,3,0,0,1,0,0,1,1,1,3,1
SON_16,12.166666666666666,19.06217895904523,6,0,41,7.782101972546436,0,1,sin,2.0,0,0,2,1,1,0,0,0.0,0.0,0.0,0.0,0.0,0.0,0,0,0.0,0.0,0.0,0.0,0.0,0.0,0,0,0.0,0.0,0.0,0.0,0.0,0.0,1,1,0,0,0,1,0,0,0,1,0
SON_160,67.5,15.501612819316577,6,38,80,6.328506932918697,1,1,saw,1.0,0,2,0,0,0,1,square,1.0,95.0,1.0,1.0,0.0,1.0,1,triangle,1.0,45.0,0.0,1.0,0.0,0.0,1,triangle,7.0,0.0,0.0,2.0,0.0,0.0,4,0,0,0,1,0,1,1,1,3,2
SON_161,32.111111111111114,26.41232877107036,9,0,70,8.804109590356786,1,1,saw,1.0,0,2,0,2,0,1,saw,3.0,0.0,1.0,0.0,0.0,1.0,0,0,0.0,0.0,0.0,0.0,0.0,0.0,0,0,0.0,0.0,0.0,0.0,0.0,0.0,2,0,1,0,0,0,0,1,0,1,0
SON_162,71.22222222222223,28.542852773407994,9,19,100,9.514284257802665,1,1,saw,1.0,0,1,0,2,0,1,saw,1.0,0.0,1.0,1.0,2.0,0.0,1,sin,0.5,65.0,0.0,2.0,1.0,1.0,1,square,2.0,0.0,1.0,1.0,0.0,2.0,4,0,0,0,1,1,1,1,0,3,1
SON_163,55.142857142857146,35.234587985049444,7,0,100,13.317422479466462,1,1,saw,3.0,0,0,2,0,1,0,0,0.0,0.0,0.0,0.0,0.0,0.0,0,0,0.0,0.0,0.0,0.0,0.0,0.0,0,0,0.0,0.0,0.0,0.0,0.0,0.0,1,1,0,0,0,0,0,1,0,1,0
SON_164,80.4,23.839043604977107,5,41,100,10.66114440386209,1,1,saw,1.0,0,0,2,2,1,1,saw,1.0,0.0,0.0,2.0,1.0,2.0,0,0,0.0,0.0,0.0,0.0,0.0,0.0,0,0,0.0,0.0,0.0,0.0,0.0,0.0,2,0,1,0,0,0,0,1,0,1,0
SON_165,57.375,30.547094788211854,8,0,100,10.800028935146422,1,1,saw,0.5,0,2,1,2,1,1,saw,9.0,50.0,0.0,1.0,0.0,1.0,1,square,3.0,0.0,2.0,1.0,1.0,2.0,1,sin,3.0,30.0,0.0,0.0,1.0,0.0,4,0,0,0,1,1,1,1,0,3,2
SON_166,43.0,37.85234470941001,6,0,88,15.45315501766549,1,1,saw,3.0,0,2,1,1,0,1,saw,9.0,0.0,1.0,0.0,0.0,0.0,0,0,0.0,0.0,0.0,0.0,0.0,0.0,0,0,0.0,0.0,0.0,0.0,0.0,0.0,2,0,1,0,0,0,0,1,0,1,0
SON_167,15.375,15.117988339345,8,0,41,5.345016036325001,0,1,saw,0.5,0,0,2,1,1,0,0,0.0,0.0,0.0,0.0,0.0,0.0,0,0,0.0,0.0,0.0,0.0,0.0,0.0,0,0,0.0,0.0,0.0,0.0,0.0,0.0,1,1,0,0,0,0,0,1,0,1,0
SON_168,71.42857142857143,25.005713632802287,7,36,100,9.451271375441765,1,1,saw,3.0,0,2,0,1,1,0,0,0.0,0.0,0.0,0.0,0.0,0.0,0,0,0.0,0.0,0.0,0.0,0.0,0.0,0,0,0.0,0.0,0.0,0.0,0.0,0.0,1,1,0,0,0,0,0,1,0,1,0
SON_169,67.2,22.653917983430592,5,36,100,10.131140113531151,1,1,saw,3.0,0,1,2,0,1,1,saw,0.5,40.0,2.0,0.0,2.0,0.0,1,saw,4.0,35.0,1.0,2.0,2.0,0.0,0,0,0.0,0.0,0.0,0.0,0.0,0.0,3,0,0,1,0,0,0,1,0,1,2
SON_17,53.333333333333336,18.86442860694876,6,30,77,7.701370729364425,1,1,sin,1.0,0,2,1,0,1,1,square,1.0,0.0,0.0,2.0,1.0,2.0,1,sin,2.0,10.0,2.0,2.0,2.0,1.0,0,0,0.0,0.0,0.0,0.0,0.0,0.0,3,0,0,1,0,1,1,0,0,2,1
SON_170,36.111111111111114,29.78860706899722,9,0,82,9.92953568966574,1,1,saw,0.5,0,1,2,0,2,1,saw,0.5,85.0,2.0,1.0,1.0,0.0,1,saw,4.0,0.0,2.0,0.0,0.0,2.0,0,0,0.0,0.0,0.0,0.0,0.0,0.0,3,0,0,1,0,0,0,1,0,1,1
SON_171,49.77777777777778,32.252045585426735,9,8,100,10.750681861808912,1,1,saw,3.0,0,1,0,0,0,1,saw,6.0,0.0,0.0,0.0,1.0,0.0,0,0,0.0,0.0,0.0,0.0,0.0,0.0,0,0,0.0,0.0,0.0,0.0,0.0,0.0,2,0,1,0,0,0,0,1,0,1,0
SON_172,6.666666666666667,11.547005383792515,3,0,20,6.666666666666667,0,1,saw,2.0,0,1,2,1,1,0,0,0.0,0.0,0.0,0.0,0.0,0.0,0,0,0.0,0.0,0.0,0.0,0.0,0.0,0,0,0.0,0.0,0.0,0.0,0.0,0.0,1,1,0,0,0,0,0,1,0,1,0
SON_173,68.5,15.578831791889918,6,41,88,6.36003144646314,1,1,saw,2.0,0,0,1,2,2,1,saw,2.0,0.0,2.0,1.0,2.0,0.0,1,triangle,3.0,45.0,1.0,2.0,2.0,1.0,0,0,0.0,0.0,0.0,0.0,0.0,0.0,3,0,0,1,0,0,0,1,1,2,1
SON_174,52.1,30.960368932628118,10,0,92,9.790528302622102,1,1,saw,5.0,0,0,2,0,1,1,saw,0.5,0.0,2.0,1.0,0.0,0.0,0,0,0.0,0.0,0.0,0.0,0.0,0.0,0,0,0.0,0.0,0.0,0.0,0.0,0.0,2,0,1,0,0,0,0,1,0,1,0
SON_175,69.54545454545455,35.458041785647545,11,0,100,10.691001854885117,1,1,saw,2.0,0,1,0,1,2,1,saw,2.0,20.0,1.0,0.0,0.0,1.0,0,0,0.0,0.0,0.0,0.0,0.0,0.0,0,0,0.0,0.0,0.0,0.0,0.0,0.0,2,0,1,0,0,0,0,1,0,1,1
SON_176,43.1,34.51070687321384,10,0,100,10.913243738178346,1,1,saw,0.5,0,1,2,2,1,1,saw,1.0,0.0,0.0,1.0,1.0,2.0,0,0,0.0,0.0,0.0,0.0,0.0,0.0,0,0,0.0,0.0,0.0,0.0,0.0,0.0,2,0,1,0,0,0,0,1,0,1,0
SON_177,76.75,28.71410803072246,8,14,100,10.151970252123476,1,1,saw,6.0,0,0,1,2,0,1,triangle,2.0,35.0,2.0,1.0,1.0,1.0,1,sin,2.0,0.0,2.0,1.0,2.0,1.0,0,0,0.0,0.0,0.0,0.0,0.0,0.0,3,0,0,1,0,1,0,1,1,3,1
SON_178,65.2,15.401298646542765,5,43,84,6.887670143089025,1,1,saw,2.0,0,0,2,1,1,1,triangle,1.0,30.0,2.0,2.0,0.0,2.0,1,sin,2.0,0.0,2.0,1.0,0.0,1.0,0,0,0.0,0.0,0.0,0.0,0.0,0.0,3,0,0,1,0,1,0,1,1,3,1
SON_179,89.25,13.144797993339962,8,67,100,4.647387899209004,0,1,saw,9.0,0,2,1,2,2,0,0,0.0,0.0,0.0,0.0,0.0,0.0,0,0,0.0,0.0,0.0,0.0,0.0,0.0,0,0,0.0,0.0,0.0,0.0,0.0,0.0,1,1,0,0,0,0,0,1,0,1,0
SON_18,70.57142857142857,16.870656407474122,7,47,100,6.376508758370699,1,1,sin,2.0,0,2,1,0,2,1,square,0.5,0.0,1.0,0.0,2.0,2.0,0,0,0.0,0.0,0.0,0.0,0.0,0.0,0,0,0.0,0.0,0.0,0.0,0.0,0.0,2,0,1,0,0,1,1,0,0,2,0
SON_180,38.0,45.254833995939045,2,6,70,32.0,1,1,saw,3.0,0,0,1,1,1,1,triangle,1.0,0.0,1.0,2.0,0.0,2.0,0,0,0.0,0.0,0.0,0.0,0.0,0.0,0,0,0.0,0.0,0.0,0.0,0.0,0.0,2,0,1,0,0,0,0,1,1,2,0
SON_181,52.45454545454545,26.541905117619706,11,15,100,8.002685499668942,1,1,saw,2.0,0,1,2,2,1,0,0,0.0,0.0,0.0,0.0,0.0,0.0,0,0,0.0,0.0,0.0,0.0,0.0,0.0,0,0,0.0,0.0,0.0,0.0,0.0,0.0,1,1,0,0,0,0,0,1,0,1,0
SON_182,36.0,35.33647784749729,4,2,67,17.668238923748646,1,1,saw,3.0,0,0,2,0,1,1,triangle,1.0,0.0,0.0,1.0,1.0,2.0,0,0,0.0,0.0,0.0,0.0,0.0,0.0,0,0,0.0,0.0,0.0,0.0,0.0,0.0,2,0,1,0,0,0,0,1,1,2,0
SON_183,50.7,35.00809430212771,10,0,100,11.070531453668638,1,1,saw,3.0,0,1,0,0,1,0,0,0.0,0.0,0.0,0.0,0.0,0.0,0,0,0.0,0.0,0.0,0.0,0.0,0.0,0,0,0.0,0.0,0.0,0.0,0.0,0.0,1,1,0,0,0,0,0,1,0,1,0
SON_184,37.666666666666664,24.611988948477936,9,0,69,8.203996316159312,1,1,saw,2.0,0,2,1,1,0,1,triangle,0.5,0.0,1.0,2.0,1.0,0.0,1,square,3.0,0.0,2.0,1.0,0.0,1.0,1,triangle,9.0,0.0,2.0,1.0,2.0,0.0,4,0,0,0,1,0,1,1,1,3,0
SON_185,48.2,33.48565198542338,10,0,100,10.58909292096773,1,1,saw,4.0,0,2,2,1,0,0,0,0.0,0.0,0.0,0.0,0.0,0.0,0,0,0.0,0.0,0.0,0.0,0.0,0.0,0,0,0.0,0.0,0.0,0.0,0.0,0.0,1,1,0,0,0,0,0,1,0,1,0
SON_186,83.75,19.29378138157474,4,62,100,9.64689069078737,0,1,saw,3.0,0,1,2,2,0,1,triangle,0.5,40.0,2.0,2.0,2.0,2.0,0,0,0.0,0.0,0.0,0.0,0.0,0.0,0,0,0.0,0.0,0.0,0.0,0.0,0.0,2,0,1,0,0,0,0,1,1,2,1
SON_187,18.285714285714285,17.28886236583431,7,0,37,6.534575753031626,0,1,saw,0.5,0,2,0,2,1,0,0,0.0,0.0,0.0,0.0,0.0,0.0,0,0,0.0,0.0,0.0,0.0,0.0,0.0,0,0,0.0,0.0,0.0,0.0,0.0,0.0,1,1,0,0,0,0,0,1,0,1,0
SON_188,74.88888888888889,32.975159000543286,9,11,100,10.991719666847763,1,1,saw,7.0,0,1,1,0,0,0,0,0.0,0.0,0.0,0.0,0.0,0.0,0,0,0.0,0.0,0.0,0.0,0.0,0.0,0,0,0.0,0.0,0.0,0.0,0.0,0.0,1,1,0,0,0,0,0,1,0,1,0
SON_189,48.666666666666664,30.92463958291727,3,13,68,17.854348987789443,1,1,saw,2.0,0,2,1,1,2,1,triangle,7.0,0.0,2.0,0.0,0.0,1.0,1,triangle,9.0,70.0,0.0,2.0,2.0,0.0,1,sin,0.5,0.0,2.0,0.0,0.0,2.0,4,0,0,0,1,1,0,1,1,3,1
SON_19,6.285714285714286,9.21437799879959,7,0,20,3.4827075244241046,0,1,sin,0.5,0,1,1,2,2,1,square,2.0,40.0,0.0,2.0,2.0,1.0,1,sin,0.5,0.0,0.0,0.0,1.0,1.0,1,saw,5.0,0.0,2.0,0.0,2.0,1.0,4,0,0,0,1,1,1,1,0,3,1
SON_190,36.375,31.071059111103924,8,0,100,10.985278298054823,1,1,saw,2.0,0,2,0,1,1,0,0,0.0,0.0,0.0,0.0,0.0,0.0,0,0,0.0,0.0,0.0,0.0,0.0,0.0,0,0,0.0,0.0,0.0,0.0,0.0,0.0,1,1,0,0,0,0,0,1,0,1,0
SON_191,34.333333333333336,30.748441694932552,6,0,70,12.552998756383982,1,1,saw,0.5,0,2,0,1,1,0,0,0.0,0.0,0.0,0.0,0.0,0.0,0,0,0.0,0.0,0.0,0.0,0.0,0.0,0,0,0.0,0.0,0.0,0.0,0.0,0.0,1,1,0,0,0,0,0,1,0,1,0
SON_192,67.6,33.90132740763996,5,31,100,15.161134522191935,1,1,saw,3.0,0,1,2,1,2,0,0,0.0,0.0,0.0,0.0,0.0,0.0,0,0,0.0,0.0,0.0,0.0,0.0,0.0,0,0,0.0,0.0,0.0,0.0,0.0,0.0,1,1,0,0,0,0,0,1,0,1,0
SON_193,21.0,19.40103090044444,6,0,55,7.920437698343024,1,1,triangle,2.0,0,1,1,0,1,0,0,0.0,0.0,0.0,0.0,0.0,0.0,0,0,0.0,0.0,0.0,0.0,0.0,0.0,0,0,0.0,0.0,0.0,0.0,0.0,0.0,1,1,0,0,0,0,0,0,1,1,0
SON_194,52.77777777777778,37.565868077876814,9,0,100,12.521956025958938,1,1,triangle,2.0,0,2,1,0,2,1,sin,0.5,75.0,1.0,2.0,0.0,1.0,0,0,0.0,0.0,0.0,0.0,0.0,0.0,0,0,0.0,0.0,0.0,0.0,0.0,0.0,2,0,1,0,0,1,0,0,1,2,1
SON_195,43.0,21.365860619221497,5,17,73,9.555103348473002,1,1,triangle,0.5,0,2,0,2,1,1,sin,2.0,0.0,1.0,2.0,0.0,2.0,1,sin,5.0,0.0,2.0,1.0,2.0,1.0,1,saw,1.0,0.0,1.0,1.0,1.0,0.0,4,0,0,0,1,1,0,1,1,3,0
SON_196,59.666666666666664,30.0055550412475,3,27,86,17.32371528024838,1,1,triangle,0.5,0,2,2,1,1,1,sin,3.0,35.0,0.0,0.0,2.0,2.0,0,0,0.0,0.0,0.0,0.0,0.0,0.0,0,0,0.0,0.0,0.0,0.0,0.0,0.0,2,0,1,0,0,1,0,0,1,2,1
SON_197,47.6,27.263528751795867,5,10,68,12.19262071910711,1,1,triangle,4.0,0,2,1,0,0,0,0,0.0,0.0,0.0,0.0,0.0,0.0,0,0,0.0,0.0,0.0,0.0,0.0,0.0,0,0,0.0,0.0,0.0,0.0,0.0,0.0,1,1,0,0,0,0,0,0,1,1,0
SON_198,42.2,39.296310259361505,5,0,100,17.573844200970942,1,1,triangle,4.0,0,0,2,0,0,1,sin,0.5,20.0,2.0,2.0,0.0,1.0,1,square,3.0,95.0,1.0,2.0,1.0,0.0,1,square,2.0,45.0,0.0,0.0,1.0,2.0,4,0,0,0,1,1,1,0,1,3,3
SON_199,56.0,27.800308323058992,8,8,100,9.828893267155914,1,1,triangle,8.0,0,1,1,0,0,1,sin,1.0,90.0,1.0,0.0,0.0,2.0,1,square,2.0,0.0,0.0,1.0,2.0,1.0,1,saw,3.0,0.0,0.0,1.0,0.0,0.0,4,0,0,0,1,1,1,1,1,4,1
SON_2,31.166666666666668,27.006789269860768,6,0,66,11.02547555033846,1,1,sin,2.0,0,2,1,2,2,1,sin,9.0,0.0,2.0,0.0,1.0,0.0,0,0,0.0,0.0,0.0,0.0,0.0,0.0,0,0,0.0,0.0,0.0,0.0,0.0,0.0,2,0,1,0,0,1,0,0,0,1,0
SON_20,78.0,19.81161275615895,5,49,100,8.860022573334675,1,1,sin,4.0,0,1,0,1,0,1,square,6.0,95.0,2.0,1.0,2.0,2.0,1,sin,1.0,0.0,1.0,1.0,1.0,2.0,0,0,0.0,0.0,0.0,0.0,0.0,0.0,3,0,0,1,0,1,1,0,0,2,1
SON_200,78.875,25.531143447058646,8,34,100,9.026622331430827,1,1,triangle,2.0,0,2,2,1,2,1,sin,8.0,25.0,2.0,1.0,1.0,2.0,1,square,8.0,0.0,0.0,2.0,0.0,2.0,0,0,0.0,0.0,0.0,0.0,0.0,0.0,3,0,0,1,0,1,1,0,1,3,1
SON_201,67.25,34.68532007307167,8,0,100,12.263112515647427,1,1,triangle,1.0,0,0,1,2,2,1,sin,1.0,15.0,0.0,1.0,1.0,1.0,1,saw,1.0,5.0,1.0,2.0,0.0,0.0,1,sin,0.5,20.0,1.0,2.0,0.0,2.0,4,0,0,0,1,1,0,1,1,3,3
SON_202,51.0,13.711309200802088,6,34,65,5.597618541248889,1,1,triangle,5.0,0,2,1,2,0,1,sin,6.0,0.0,2.0,2.0,2.0,1.0,0,0,0.0,0.0,0.0,0.0,0.0,0.0,0,0,0.0,0.0,0.0,0.0,0.0,0.0,2,0,1,0,0,1,0,0,1,2,0
SON_203,48.0,48.09019304043878,4,0,100,24.04509652021939,1,1,triangle,0.5,0,2,2,0,0,1,sin,3.0,95.0,0.0,2.0,1.0,1.0,1,saw,3.0,0.0,1.0,0.0,0.0,0.0,0,0,0.0,0.0,0.0,0.0,0.0,0.0,3,0,0,1,0,1,0,1,1,3,1
SON_204,69.375,22.765497076559896,8,36,100,8.048818679959012,1,1,triangle,0.5,0,0,0,2,1,1,sin,4.0,20.0,1.0,0.0,1.0,1.0,0,0,0.0,0.0,0.0,0.0,0.0,0.0,0,0,0.0,0.0,0.0,0.0,0.0,0.0,2,0,1,0,0,1,0,0,1,2,1
SON_205,1.0,2.2360679774997894,5,0,5,0.9999999999999998,0,1,triangle,1.0,0,1,2,1,2,0,0,0.0,0.0,0.0,0.0,0.0,0.0,0,0,0.0,0.0,0.0,0.0,0.0,0.0,0,0,0.0,0.0,0.0,0.0,0.0,0.0,1,1,0,0,0,0,0,0,1,1,0
SON_206,22.5,11.0,4,13,33,5.5,0,1,triangle,3.0,0,1,2,1,0,1,sin,2.0,0.0,1.0,1.0,0.0,1.0,0,0,0.0,0.0,0.0,0.0,0.0,0.0,0,0,0.0,0.0,0.0,0.0,0.0,0.0,2,0,1,0,0,1,0,0,1,2,0
SON_207,25.4,31.156237114117474,10,0,100,9.852467260088261,1,1,triangle,0.5,0,0,0,0,1,1,sin,1.0,0.0,0.0,0.0,0.0,1.0,1,triangle,3.0,0.0,2.0,0.0,2.0,1.0,0,0,0.0,0.0,0.0,0.0,0.0,0.0,3,0,0,1,0,1,0,0,1,2,0
SON_208,23.0,17.029386365926403,4,0,39,8.514693182963201,0,1,triangle,4.0,0,2,0,1,2,0,0,0.0,0.0,0.0,0.0,0.0,0.0,0,0,0.0,0.0,0.0,0.0,0.0,0.0,0,0,0.0,0.0,0.0,0.0,0.0,0.0,1,1,0,0,0,0,0,0,1,1,0
SON_209,78.4,19.625380392633307,10,47,100,6.206090198793084,1,1,triangle,3.0,0,0,0,2,2,1,square,0.5,10.0,0.0,0.0,2.0,1.0,1,sin,0.5,85.0,0.0,2.0,2.0,0.0,0,0,0.0,0.0,0.0,0.0,0.0,0.0,3,0,0,1,0,1,1,0,1,3,2
SON_21,51.25,13.149778198382917,4,40,70,6.574889099191458,1,1,sin,2.0,0,2,1,1,0,1,square,0.5,0.0,2.0,0.0,0.0,0.0,1,square,0.5,0.0,2.0,0.0,2.0,0.0,0,0,0.0,0.0,0.0,0.0,0.0,0.0,3,0,0,1,0,1,1,0,0,2,0
SON_210,19.0,16.431676725154983,6,1,37,6.708203932499369,0,1,triangle,1.0,0,2,1,0,0,0,0,0.0,0.0,0.0,0.0,0.0,0.0,0,0,0.0,0.0,0.0,0.0,0.0,0.0,0,0,0.0,0.0,0.0,0.0,0.0,0.0,1,1,0,0,0,0,0,0,1,1,0
SON_211,85.8,19.601020381602584,5,61,100,8.76584280032445,0,1,triangle,0.5,0,0,1,2,0,1,square,1.0,0.0,0.0,0.0,2.0,2.0,1,sin,2.0,0.0,2.0,1.0,1.0,1.0,0,0,0.0,0.0,0.0,0.0,0.0,0.0,3,0,0,1,0,1,1,0,1,3,0
SON_212,50.714285714285715,35.938439428715164,7,0,86,13.58345331944836,1,1,triangle,3.0,0,1,0,0,0,1,square,1.0,0.0,0.0,1.0,0.0,2.0,1,sin,5.0,65.0,0.0,0.0,2.0,1.0,0,0,0.0,0.0,0.0,0.0,0.0,0.0,3,0,0,1,0,1,1,0,1,3,1
SON_213,19.4,27.636931812341253,5,0,62,12.3596116443843,1,1,triangle,2.0,0,0,2,0,1,0,0,0.0,0.0,0.0,0.0,0.0,0.0,0,0,0.0,0.0,0.0,0.0,0.0,0.0,0,0,0.0,0.0,0.0,0.0,0.0,0.0,1,1,0,0,0,0,0,0,1,1,0
SON_214,66.16666666666667,34.9938089762556,6,17,100,14.286162691375335,1,1,triangle,3.0,0,2,1,1,2,1,square,5.0,10.0,2.0,2.0,2.0,0.0,1,square,1.0,0.0,1.0,1.0,2.0,1.0,0,0,0.0,0.0,0.0,0.0,0.0,0.0,3,0,0,1,0,0,1,0,1,2,1
SON_215,9.75,25.99862633733889,8,0,74,9.191902492333751,1,1,triangle,0.5,0,0,1,0,0,0,0,0.0,0.0,0.0,0.0,0.0,0.0,0,0,0.0,0.0,0.0,0.0,0.0,0.0,0,0,0.0,0.0,0.0,0.0,0.0,0.0,1,1,0,0,0,0,0,0,1,1,0
SON_216,52.6,35.802234567132814,5,4,100,16.011246047700347,1,1,triangle,2.0,0,1,2,1,0,0,0,0.0,0.0,0.0,0.0,0.0,0.0,0,0,0.0,0.0,0.0,0.0,0.0,0.0,0,0,0.0,0.0,0.0,0.0,0.0,0.0,1,1,0,0,0,0,0,0,1,1,0
SON_217,73.66666666666667,18.44631851255601,6,49,94,7.530677998102901,1,1,triangle,2.0,0,1,1,2,2,1,square,1.0,50.0,1.0,0.0,2.0,2.0,1,saw,3.0,0.0,2.0,0.0,0.0,2.0,0,0,0.0,0.0,0.0,0.0,0.0,0.0,3,0,0,1,0,0,1,1,1,3,1
SON_218,39.4,27.898028604186354,5,0,71,12.476377679438851,1,1,triangle,1.0,0,1,0,1,0,1,square,1.0,0.0,0.0,1.0,0.0,1.0,0,0,0.0,0.0,0.0,0.0,0.0,0.0,0,0,0.0,0.0,0.0,0.0,0.0,0.0,2,0,1,0,0,0,1,0,1,2,0
SON_219,79.66666666666667,32.84915016658219,6,16,100,13.410609398697902,1,1,triangle,2.0,0,2,1,2,2,1,square,1.0,0.0,2.0,2.0,2.0,2.0,1,saw,9.0,10.0,2.0,2.0,2.0,1.0,0,0,0.0,0.0,0.0,0.0,0.0,0.0,3,0,0,1,0,0,1,1,1,3,1
SON_22,37.0,31.496031496047245,8,0,99,11.135528725660043,1,1,sin,3.0,0,2,0,2,2,0,0,0.0,0.0,0.0,0.0,0.0,0.0,0,0,0.0,0.0,0.0,0.0,0.0,0.0,0,0,0.0,0.0,0.0,0.0,0.0,0.0,1,1,0,0,0,1,0,0,0,1,0
SON_220,83.5,19.122412679017955,4,65,100,9.561206339508978,0,1,triangle,2.0,0,2,2,2,2,1,square,3.0,0.0,2.0,0.0,1.0,1.0,1,saw,6.0,95.0,2.0,2.0,0.0,2.0,0,0,0.0,0.0,0.0,0.0,0.0,0.0,3,0,0,1,0,0,1,1,1,3,1
SON_221,49.5,31.29962726082639,4,3,69,15.649813630413195,1,1,triangle,2.0,0,0,2,2,2,1,square,0.5,0.0,0.0,0.0,0.0,0.0,1,triangle,1.0,45.0,2.0,1.0,0.0,1.0,0,0,0.0,0.0,0.0,0.0,0.0,0.0,3,0,0,1,0,0,1,0,1,2,1
SON_222,50.666666666666664,16.623276853055575,3,33,66,9.597453365925311,1,1,triangle,2.0,0,2,1,2,1,1,square,2.0,0.0,1.0,1.0,0.0,0.0,1,triangle,6.0,0.0,0.0,1.0,1.0,1.0,1,square,2.0,0.0,1.0,2.0,1.0,2.0,4,0,0,0,1,0,1,0,1,2,0
SON_223,63.0,26.442390209661458,6,33,100,10.795060598872679,1,1,triangle,1.0,0,1,0,0,2,1,square,3.0,85.0,1.0,1.0,1.0,2.0,0,0,0.0,0.0,0.0,0.0,0.0,0.0,0,0,0.0,0.0,0.0,0.0,0.0,0.0,2,0,1,0,0,0,1,0,1,2,1
SON_224,17.0,33.33666650001666,4,0,67,16.66833325000833,1,1,triangle,1.0,0,0,1,0,0,1,square,2.0,0.0,1.0,2.0,0.0,0.0,0,0,0.0,0.0,0.0,0.0,0.0,0.0,0,0,0.0,0.0,0.0,0.0,0.0,0.0,2,0,1,0,0,0,1,0,1,2,0
SON_225,45.0,19.974984355438178,3,32,68,11.532562594670797,1,1,triangle,3.0,0,2,1,2,0,1,saw,3.0,30.0,1.0,2.0,0.0,2.0,1,sin,0.5,0.0,1.0,0.0,2.0,1.0,0,0,0.0,0.0,0.0,0.0,0.0,0.0,3,0,0,1,0,1,0,1,1,3,1
SON_226,53.166666666666664,38.53526523415489,6,0,100,15.73195615441527,1,1,triangle,2.0,0,2,0,2,0,1,saw,3.0,0.0,2.0,0.0,0.0,2.0,0,0,0.0,0.0,0.0,0.0,0.0,0.0,0,0,0.0,0.0,0.0,0.0,0.0,0.0,2,0,1,0,0,0,0,1,1,2,0
SON_227,19.3,25.673375746524304,10,0,85,8.118634258434248,1,1,triangle,1.0,0,0,2,1,2,1,saw,0.5,0.0,0.0,2.0,0.0,0.0,1,sin,2.0,0.0,2.0,1.0,0.0,1.0,0,0,0.0,0.0,0.0,0.0,0.0,0.0,3,0,0,1,0,1,0,1,1,3,0
SON_228,28.8,30.47457957052074,5,0,73,13.628646301082142,1,1,triangle,3.0,0,1,2,1,0,0,0,0.0,0.0,0.0,0.0,0.0,0.0,0,0,0.0,0.0,0.0,0.0,0.0,0.0,0,0,0.0,0.0,0.0,0.0,0.0,0.0,1,1,0,0,0,0,0,0,1,1,0
SON_229,34.25,31.86821823279948,4,1,63,15.93410911639974,1,1,triangle,6.0,0,1,0,0,2,1,saw,3.0,10.0,2.0,0.0,0.0,2.0,1,square,0.5,0.0,0.0,1.0,0.0,2.0,1,sin,2.0,0.0,1.0,2.0,0.0,1.0,4,0,0,0,1,1,1,1,1,4,1
SON_23,71.875,34.07738043252235,8,0,100,12.048173394455157,1,1,sin,3.0,0,1,0,2,1,1,square,0.5,70.0,0.0,1.0,1.0,0.0,1,square,0.5,15.0,2.0,0.0,0.0,2.0,1,saw,1.0,100.0,2.0,0.0,1.0,0.0,4,0,0,0,1,1,1,1,0,3,3
SON_230,35.25,28.951930604266888,8,0,71,10.236053229359726,1,1,triangle,1.0,0,0,2,0,1,1,saw,5.0,50.0,2.0,2.0,0.0,2.0,1,square,3.0,0.0,1.0,2.0,1.0,0.0,0,0,0.0,0.0,0.0,0.0,0.0,0.0,3,0,0,1,0,0,1,1,1,3,1
SON_231,68.0,0.0,1,68,68,0.0,0,1,triangle,0.5,0,2,1,0,0,1,saw,6.0,0.0,1.0,0.0,1.0,1.0,1,square,2.0,0.0,2.0,2.0,1.0,1.0,1,saw,2.0,70.0,1.0,1.0,1.0,0.0,4,0,0,0,1,0,1,1,1,3,1
SON_232,28.22222222222222,23.24208347899225,9,0,81,7.7473611596640835,1,1,triangle,2.0,0,1,0,0,1,0,0,0.0,0.0,0.0,0.0,0.0,0.0,0,0,0.0,0.0,0.0,0.0,0.0,0.0,0,0,0.0,0.0,0.0,0.0,0.0,0.0,1,1,0,0,0,0,0,0,1,1,0
SON_233,73.375,22.595432534664422,8,32,100,7.988691784552175,1,1,triangle,3.0,0,1,1,1,2,1,saw,9.0,40.0,2.0,0.0,2.0,1.0,1,saw,9.0,0.0,1.0,2.0,0.0,2.0,1,sin,1.0,0.0,0.0,2.0,1.0,2.0,4,0,0,0,1,1,0,1,1,3,1
SON_234,74.57142857142857,14.128660503354435,7,55,100,5.340131721476642,0,1,triangle,2.0,0,2,2,2,1,1,saw,3.0,0.0,0.0,2.0,2.0,2.0,1,saw,3.0,0.0,1.0,2.0,1.0,1.0,0,0,0.0,0.0,0.0,0.0,0.0,0.0,3,0,0,1,0,0,0,1,1,2,0
SON_235,24.0,15.513435037626794,7,0,42,5.863527298559492,0,1,triangle,2.0,0,0,1,2,0,0,0,0.0,0.0,0.0,0.0,0.0,0.0,0,0,0.0,0.0,0.0,0.0,0.0,0.0,0,0,0.0,0.0,0.0,0.0,0.0,0.0,1,1,0,0,0,0,0,0,1,1,0
SON_236,33.833333333333336,30.03608940369346,6,0,69,12.262182151277607,1,1,triangle,3.0,0,0,0,1,1,0,0,0.0,0.0,0.0,0.0,0.0,0.0,0,0,0.0,0.0,0.0,0.0,0.0,0.0,0,0,0.0,0.0,0.0,0.0,0.0,0.0,1,1,0,0,0,0,0,0,1,1,0
SON_237,11.25,15.129992289048488,4,0,32,7.564996144524244,0,1,triangle,1.0,0,2,2,0,1,0,0,0.0,0.0,0.0,0.0,0.0,0.0,0,0,0.0,0.0,0.0,0.0,0.0,0.0,0,0,0.0,0.0,0.0,0.0,0.0,0.0,1,1,0,0,0,0,0,0,1,1,0
SON_238,49.4,35.17527540759276,5,15,100,15.730861387730805,1,1,triangle,2.0,0,0,1,0,0,1,saw,3.0,0.0,1.0,2.0,2.0,0.0,1,triangle,1.0,70.0,2.0,2.0,0.0,2.0,0,0,0.0,0.0,0.0,0.0,0.0,0.0,3,0,0,1,0,0,0,1,1,2,1
SON_239,70.6,19.07412441561138,10,26,100,6.031767752676011,1,1,triangle,1.0,0,0,1,2,2,1,saw,0.5,0.0,0.0,1.0,2.0,2.0,1,triangle,0.5,0.0,1.0,1.0,1.0,1.0,1,saw,2.0,35.0,1.0,0.0,1.0,1.0,4,0,0,0,1,0,0,1,1,2,1
SON_24,22.2,10.73312629199899,5,6,32,4.8,0,1,sin,3.0,0,0,1,2,2,0,0,0.0,0.0,0.0,0.0,0.0,0.0,0,0,0.0,0.0,0.0,0.0,0.0,0.0,0,0,0.0,0.0,0.0,0.0,0.0,0.0,1,1,0,0,0,1,0,0,0,1,0
SON_240,56.5,33.673431663553394,6,23,100,13.74712091069739,1,1,triangle,2.0,0,1,1,2,1,1,saw,0.5,55.0,0.0,1.0,0.0,2.0,1,triangle,5.0,0.0,1.0,2.0,0.0,1.0,0,0,0.0,0.0,0.0,0.0,0.0,0.0,3,0,0,1,0,0,0,1,1,2,1
SON_241,86.83333333333333,15.393721663933862,6,65,100,6.284460553177532,0,1,triangle,2.0,0,1,2,0,1,1,triangle,3.0,0.0,0.0,1.0,2.0,1.0,1,sin,1.0,30.0,2.0,2.0,2.0,2.0,1,sin,2.0,0.0,1.0,1.0,1.0,2.0,4,0,0,0,1,1,0,0,1,2,1
SON_242,22.75,22.108498689094976,8,5,68,7.816534672456476,1,1,triangle,1.0,0,0,0,1,1,1,triangle,1.0,0.0,0.0,0.0,1.0,0.0,1,sin,2.0,0.0,1.0,2.0,1.0,1.0,0,0,0.0,0.0,0.0,0.0,0.0,0.0,3,0,0,1,0,1,0,0,1,2,0
SON_243,35.77777777777778,24.050872010063262,9,0,68,8.016957336687755,1,1,triangle,2.0,0,0,1,2,0,0,0,0.0,0.0,0.0,0.0,0.0,0.0,0,0,0.0,0.0,0.0,0.0,0.0,0.0,0,0,0.0,0.0,0.0,0.0,0.0,0.0,1,1,0,0,0,0,0,0,1,1,0
SON_244,41.666666666666664,40.322036985582294,6,0,100,16.46140266738463,1,1,triangle,1.0,0,1,2,2,2,1,triangle,3.0,55.0,2.0,2.0,2.0,0.0,1,sin,2.0,85.0,2.0,0.0,1.0,0.0,1,triangle,3.0,0.0,1.0,2.0,0.0,1.0,4,0,0,0,1,1,0,0,1,2,2
SON_245,36.833333333333336,36.86416507486189,6,0,100,15.04973237119001,1,1,triangle,3.0,0,1,0,0,1,0,0,0.0,0.0,0.0,0.0,0.0,0.0,0,0,0.0,0.0,0.0,0.0,0.0,0.0,0,0,0.0,0.0,0.0,0.0,0.0,0.0,1,1,0,0,0,0,0,0,1,1,0
SON_246,58.666666666666664,42.63175655150356,6,12,100,17.40434173162292,1,1,triangle,0.5,0,2,1,1,2,1,triangle,0.5,0.0,2.0,2.0,2.0,0.0,1,square,5.0,95.0,0.0,1.0,2.0,0.0,0,0,0.0,0.0,0.0,0.0,0.0,0.0,3,0,0,1,0,0,1,0,1,2,1
SON_247,10.9,18.882384501022226,10,0,59,5.971134267829223,1,1,triangle,0.5,0,1,0,1,2,0,0,0.0,0.0,0.0,0.0,0.0,0.0,0,0,0.0,0.0,0.0,0.0,0.0,0.0,0,0,0.0,0.0,0.0,0.0,0.0,0.0,1,1,0,0,0,0,0,0,1,1,0
SON_248,76.3,15.520953578952547,10,54,100,4.908156476723209,0,1,triangle,9.0,0,1,2,1,1,1,triangle,0.5,10.0,2.0,1.0,1.0,0.0,1,square,1.0,75.0,2.0,2.0,0.0,2.0,1,triangle,0.5,0.0,2.0,2.0,1.0,2.0,4,0,0,0,1,0,1,0,1,2,2
SON_249,39.0,16.046806535881213,5,17,61,7.176350047203662,1,1,triangle,4.0,0,2,0,0,2,1,triangle,8.0,0.0,0.0,2.0,0.0,1.0,0,0,0.0,0.0,0.0,0.0,0.0,0.0,0,0,0.0,0.0,0.0,0.0,0.0,0.0,2,0,1,0,0,0,0,0,1,1,0
SON_25,63.6,25.422431040323424,5,32,100,11.369256791892774,1,1,sin,1.0,0,0,1,0,0,1,square,3.0,60.0,0.0,1.0,2.0,1.0,1,saw,3.0,5.0,1.0,1.0,1.0,2.0,0,0,0.0,0.0,0.0,0.0,0.0,0.0,3,0,0,1,0,1,1,1,0,3,2
SON_250,31.333333333333332,23.157072353818823,9,0,71,7.7190241179396075,1,1,triangle,3.0,0,2,1,1,0,0,0,0.0,0.0,0.0,0.0,0.0,0.0,0,0,0.0,0.0,0.0,0.0,0.0,0.0,0,0,0.0,0.0,0.0,0.0,0.0,0.0,1,1,0,0,0,0,0,0,1,1,0
SON_251,56.0,24.547330375652432,8,23,100,8.678791884325177,1,1,triangle,8.0,0,2,0,1,1,1,triangle,0.5,0.0,0.0,2.0,2.0,0.0,1,saw,2.0,0.0,0.0,1.0,0.0,1.0,0,0,0.0,0.0,0.0,0.0,0.0,0.0,3,0,0,1,0,0,0,1,1,2,0
SON_252,1.5,2.1213203435596424,2,0,3,1.4999999999999998,0,1,triangle,3.0,0,0,0,0,2,1,triangle,0.5,0.0,0.0,1.0,0.0,0.0,1,saw,2.0,25.0,0.0,1.0,1.0,0.0,0,0,0.0,0.0,0.0,0.0,0.0,0.0,3,0,0,1,0,0,0,1,1,2,1
SON_253,23.8,29.42278029010855,5,0,69,13.15826736314474,1,1,triangle,2.0,0,2,2,0,1,1,triangle,0.5,15.0,0.0,2.0,0.0,2.0,1,triangle,1.0,90.0,0.0,0.0,0.0,1.0,0,0,0.0,0.0,0.0,0.0,0.0,0.0,3,0,0,1,0,0,0,0,1,1,2
SON_254,48.0,46.69475345260964,6,0,100,19.063053270659452,1,1,triangle,2.0,0,2,1,0,1,1,triangle,8.0,0.0,2.0,1.0,0.0,2.0,0,0,0.0,0.0,0.0,0.0,0.0,0.0,0,0,0.0,0.0,0.0,0.0,0.0,0.0,2,0,1,0,0,0,0,0,1,1,0
SON_255,48.75,35.37772368784251,4,2,88,17.688861843921256,1,1,triangle,2.0,0,0,2,2,0,1,triangle,2.0,65.0,0.0,2.0,1.0,1.0,0,0,0.0,0.0,0.0,0.0,0.0,0.0,0,0,0.0,0.0,0.0,0.0,0.0,0.0,2,0,1,0,0,0,0,0,1,1,1
SON_256,27.875,29.39114298073972,8,0,67,10.391338254252226,1,1,triangle,3.0,0,2,0,2,1,0,0,0.0,0.0,0.0,0.0,0.0,0.0,0,0,0.0,0.0,0.0,0.0,0.0,0.0,0,0,0.0,0.0,0.0,0.0,0.0,0.0,1,1,0,0,0,0,0,0,1,1,0
SON_26,44.666666666666664,29.08378700696776,6,9,79,11.8734063258097,1,1,sin,1.0,0,1,0,2,0,1,square,1.0,5.0,0.0,2.0,0.0,0.0,0,0,0.0,0.0,0.0,0.0,0.0,0.0,0,0,0.0,0.0,0.0,0.0,0.0,0.0,2,0,1,0,0,1,1,0,0,2,1
SON_27,54.8,27.45359721420856,5,33,100,12.27762191957384,1,1,sin,0.5,0,2,2,0,0,1,square,1.0,55.0,0.0,1.0,2.0,0.0,1,saw,0.5,0.0,2.0,1.0,0.0,0.0,0,0,0.0,0.0,0.0,0.0,0.0,0.0,3,0,0,1,0,1,1,1,0,3,1
SON_28,8.0,10.915257997081753,8,0,30,3.8591264740685998,0,1,sin,0.5,0,1,2,0,1,0,0,0.0,0.0,0.0,0.0,0.0,0.0,0,0,0.0,0.0,0.0,0.0,0.0,0.0,0,0,0.0,0.0,0.0,0.0,0.0,0.0,1,1,0,0,0,1,0,0,0,1,0
SON_29,61.0,31.906112267087636,9,0,100,10.63537075569588,1,1,sin,0.5,0,2,0,1,2,1,square,3.0,0.0,1.0,1.0,1.0,1.0,0,0,0.0,0.0,0.0,0.0,0.0,0.0,0,0,0.0,0.0,0.0,0.0,0.0,0.0,2,0,1,0,0,1,1,0,0,2,0
SON_3,1.125,2.1001700611413083,8,0,5,0.7425222459389925,0,1,sin,0.5,0,1,1,0,2,1,sin,7.0,30.0,2.0,2.0,0.0,2.0,0,0,0.0,0.0,0.0,0.0,0.0,0.0,0,0,0.0,0.0,0.0,0.0,0.0,0.0,2,0,1,0,0,1,0,0,0,1,1
SON_30,7.125,11.306603633022858,8,0,30,3.9974880505494585,0,1,sin,0.5,0,2,1,2,0,0,0,0.0,0.0,0.0,0.0,0.0,0.0,0,0,0.0,0.0,0.0,0.0,0.0,0.0,0,0,0.0,0.0,0.0,0.0,0.0,0.0,1,1,0,0,0,1,0,0,0,1,0
SON_31,33.2,35.98193991435148,5,0,75,16.091612722160573,1,1,sin,3.0,0,2,2,0,0,1,square,2.0,0.0,1.0,2.0,1.0,2.0,1,triangle,3.0,0.0,0.0,2.0,0.0,1.0,1,saw,7.0,0.0,0.0,0.0,2.0,2.0,4,0,0,0,1,1,1,1,1,4,0
SON_32,11.5,16.263455967290593,2,0,23,11.5,0,1,sin,0.5,0,2,2,1,0,0,0,0.0,0.0,0.0,0.0,0.0,0.0,0,0,0.0,0.0,0.0,0.0,0.0,0.0,0,0,0.0,0.0,0.0,0.0,0.0,0.0,1,1,0,0,0,1,0,0,0,1,0
SON_33,13.166666666666666,15.380723866797254,6,0,34,6.2791542247167165,0,1,sin,1.0,0,2,2,1,2,0,0,0.0,0.0,0.0,0.0,0.0,0.0,0,0,0.0,0.0,0.0,0.0,0.0,0.0,0,0,0.0,0.0,0.0,0.0,0.0,0.0,1,1,0,0,0,1,0,0,0,1,0
SON_34,83.375,18.094494032321386,8,54,100,6.397369716196984,0,1,sin,1.0,0,0,1,2,0,1,saw,8.0,0.0,0.0,2.0,2.0,1.0,1,sin,2.0,60.0,1.0,0.0,0.0,2.0,1,square,3.0,100.0,2.0,2.0,0.0,0.0,4,0,0,0,1,1,1,1,0,3,2
SON_35,84.875,13.36773834915348,8,63,100,4.726209217906945,0,1,sin,3.0,0,2,0,0,1,1,saw,3.0,0.0,1.0,1.0,2.0,2.0,1,sin,1.0,10.0,1.0,2.0,0.0,2.0,1,saw,4.0,25.0,2.0,2.0,2.0,0.0,4,0,0,0,1,1,0,1,0,2,2
SON_36,83.6,13.390294993016395,5,63,100,5.988321968631946,0,1,sin,2.0,0,2,2,1,1,1,saw,0.5,20.0,2.0,1.0,1.0,2.0,1,sin,2.0,0.0,2.0,1.0,1.0,1.0,1,triangle,0.5,0.0,2.0,0.0,1.0,0.0,4,0,0,0,1,1,0,1,1,3,1
SON_37,7.285714285714286,12.120427463780388,7,0,33,4.581090978994318,0,1,sin,1.0,0,1,1,0,1,0,0,0.0,0.0,0.0,0.0,0.0,0.0,0,0,0.0,0.0,0.0,0.0,0.0,0.0,0,0,0.0,0.0,0.0,0.0,0.0,0.0,1,1,0,0,0,1,0,0,0,1,0
SON_38,56.0,34.275355578024275,6,11,100,13.992855319769443,1,1,sin,2.0,0,0,1,1,1,1,saw,1.0,70.0,2.0,2.0,0.0,2.0,0,0,0.0,0.0,0.0,0.0,0.0,0.0,0,0,0.0,0.0,0.0,0.0,0.0,0.0,2,0,1,0,0,1,0,1,0,2,1
SON_39,6.857142857142857,17.276463482906173,7,0,46,6.52988941577979,0,1,sin,1.0,0,0,2,0,0,0,0,0.0,0.0,0.0,0.0,0.0,0.0,0,0,0.0,0.0,0.0,0.0,0.0,0.0,0,0,0.0,0.0,0.0,0.0,0.0,0.0,1,1,0,0,0,1,0,0,0,1,0
SON_4,68.85714285714286,24.422862045145127,7,38,100,9.230974182270336,1,1,sin,0.5,0,0,1,2,2,1,sin,4.0,0.0,1.0,0.0,1.0,0.0,1,sin,3.0,45.0,2.0,0.0,2.0,0.0,1,triangle,2.0,0.0,1.0,2.0,1.0,0.0,4,0,0,0,1,1,0,0,1,2,1
SON_40,69.83333333333333,37.600088652377764,6,0,100,15.350171913622919,1,1,sin,0.5,0,2,0,2,1,1,saw,8.0,90.0,2.0,2.0,1.0,0.0,1,square,2.0,50.0,1.0,2.0,1.0,1.0,1,triangle,0.5,0.0,2.0,1.0,0.0,2.0,4,0,0,0,1,1,1,1,1,4,2
SON_41,33.8,16.976454282328806,5,14,56,7.592101158440923,1,1,sin,3.0,0,1,2,2,0,1,saw,1.0,0.0,2.0,0.0,1.0,2.0,0,0,0.0,0.0,0.0,0.0,0.0,0.0,0,0,0.0,0.0,0.0,0.0,0.0,0.0,2,0,1,0,0,1,0,1,0,2,0
SON_42,70.5,27.588040887312026,6,35,100,11.26277052949229,1,1,sin,3.0,0,1,2,0,1,1,saw,2.0,0.0,0.0,2.0,1.0,2.0,1,saw,2.0,15.0,2.0,0.0,1.0,2.0,1,square,1.0,0.0,0.0,2.0,2.0,2.0,4,0,0,0,1,1,1,1,0,3,1
SON_43,0.6,1.3416407864998738,5,0,3,0.6,0,1,sin,2.0,0,0,0,0,2,0,0,0.0,0.0,0.0,0.0,0.0,0.0,0,0,0.0,0.0,0.0,0.0,0.0,0.0,0,0,0.0,0.0,0.0,0.0,0.0,0.0,1,1,0,0,0,1,0,0,0,1,0
SON_44,35.0,49.49747468305833,2,0,70,35.0,1,1,sin,2.0,0,1,0,1,0,1,saw,8.0,45.0,1.0,0.0,2.0,1.0,0,0,0.0,0.0,0.0,0.0,0.0,0.0,0,0,0.0,0.0,0.0,0.0,0.0,0.0,2,0,1,0,0,1,0,1,0,2,1
SON_45,52.666666666666664,24.006943440041116,3,32,79,13.86041525752786,1,1,sin,0.5,0,0,1,0,1,1,saw,9.0,50.0,1.0,1.0,1.0,1.0,0,0,0.0,0.0,0.0,0.0,0.0,0.0,0,0,0.0,0.0,0.0,0.0,0.0,0.0,2,0,1,0,0,1,0,1,0,2,1
SON_46,52.111111111111114,36.32645194773515,9,9,100,12.108817315911717,1,1,sin,5.0,0,1,0,1,0,0,0,0.0,0.0,0.0,0.0,0.0,0.0,0,0,0.0,0.0,0.0,0.0,0.0,0.0,0,0,0.0,0.0,0.0,0.0,0.0,0.0,1,1,0,0,0,1,0,0,0,1,0
SON_47,68.2,40.89254210733297,5,0,100,18.287700784953806,1,1,sin,2.0,0,1,1,2,2,1,saw,0.5,0.0,1.0,0.0,1.0,1.0,0,0,0.0,0.0,0.0,0.0,0.0,0.0,0,0,0.0,0.0,0.0,0.0,0.0,0.0,2,0,1,0,0,1,0,1,0,2,0
SON_48,47.833333333333336,39.250053078520374,6,1,100,16.023767069921828,1,1,sin,0.5,0,1,1,1,1,1,saw,3.0,80.0,2.0,1.0,1.0,0.0,1,triangle,1.0,60.0,2.0,1.0,2.0,2.0,1,triangle,3.0,0.0,1.0,1.0,1.0,1.0,4,0,0,0,1,1,0,1,1,3,2
SON_49,22.75,17.05627939108253,4,1,41,8.528139695541265,0,1,sin,1.0,0,2,1,0,1,1,triangle,2.0,60.0,2.0,0.0,1.0,2.0,0,0,0.0,0.0,0.0,0.0,0.0,0.0,0,0,0.0,0.0,0.0,0.0,0.0,0.0,2,0,1,0,0,1,0,0,1,2,1
SON_5,62.75,26.47235755057933,8,21,100,9.359391769004773,1,1,sin,3.0,0,2,2,1,2,1,sin,3.0,0.0,0.0,2.0,1.0,2.0,1,square,0.5,25.0,2.0,2.0,1.0,1.0,1,sin,1.0,0.0,2.0,0.0,0.0,0.0,4,0,0,0,1,1,1,0,0,2,1
SON_50,71.33333333333333,27.57414247684474,3,45,100,15.919938581679407,1,1,sin,2.0,0,1,2,1,0,1,triangle,2.0,30.0,0.0,2.0,2.0,1.0,1,sin,5.0,0.0,1.0,0.0,1.0,0.0,0,0,0.0,0.0,0.0,0.0,0.0,0.0,3,0,0,1,0,1,0,0,1,2,1
SON_51,69.25,30.236567265481707,4,28,100,15.118283632740853,1,1,sin,4.0,0,0,2,2,0,1,triangle,3.0,0.0,1.0,0.0,0.0,1.0,1,sin,0.5,80.0,2.0,1.0,0.0,1.0,1,saw,5.0,0.0,0.0,2.0,1.0,2.0,4,0,0,0,1,1,0,1,1,3,1
SON_52,64.8,32.10330547190152,10,0,100,10.151956571135546,1,1,sin,2.0,0,2,1,0,1,1,triangle,2.0,0.0,2.0,0.0,0.0,0.0,1,sin,0.5,70.0,2.0,0.0,2.0,2.0,0,0,0.0,0.0,0.0,0.0,0.0,0.0,3,0,0,1,0,1,0,0,1,2,1
SON_53,63.666666666666664,25.73454228593675,6,23,100,10.506082894103672,1,1,sin,5.0,0,0,2,2,0,1,triangle,1.0,0.0,2.0,0.0,2.0,2.0,1,square,3.0,0.0,0.0,2.0,1.0,2.0,0,0,0.0,0.0,0.0,0.0,0.0,0.0,3,0,0,1,0,1,1,0,1,3,0
SON_54,70.0,34.25638626592128,5,17,100,15.319921670818033,1,1,sin,1.0,0,0,2,2,0,1,triangle,0.5,0.0,0.0,1.0,1.0,2.0,1,square,3.0,0.0,1.0,2.0,1.0,1.0,1,square,1.0,0.0,0.0,1.0,1.0,1.0,4,0,0,0,1,1,1,0,1,3,0
SON_55,36.142857142857146,29.63909901593148,7,0,76,11.202526440024847,1,1,sin,3.0,0,0,1,0,1,1,triangle,5.0,100.0,0.0,1.0,1.0,1.0,1,square,2.0,50.0,0.0,2.0,2.0,2.0,1,saw,5.0,5.0,1.0,2.0,1.0,0.0,4,0,0,0,1,1,1,1,1,4,3
SON_56,28.714285714285715,17.641941368174173,7,0,56,6.668027072081636,1,1,sin,1.0,0,0,0,1,1,1,triangle,1.0,100.0,1.0,2.0,0.0,0.0,1,square,3.0,0.0,2.0,1.0,1.0,2.0,0,0,0.0,0.0,0.0,0.0,0.0,0.0,3,0,0,1,0,1,1,0,1,3,1
SON_57,25.125,22.642800811106135,8,0,66,8.005438999294702,1,1,sin,4.0,0,0,0,0,2,1,triangle,1.0,0.0,0.0,1.0,0.0,2.0,1,saw,0.5,0.0,2.0,2.0,2.0,0.0,1,sin,1.0,0.0,0.0,0.0,2.0,2.0,4,0,0,0,1,1,0,1,1,3,0
SON_58,16.5,27.922511825884623,4,0,58,13.961255912942311,1,1,sin,1.0,0,0,2,0,2,1,triangle,3.0,0.0,1.0,0.0,1.0,1.0,1,saw,2.0,20.0,1.0,2.0,0.0,0.0,0,0,0.0,0.0,0.0,0.0,0.0,0.0,3,0,0,1,0,1,0,1,1,3,1
SON_59,30.2,26.243094329747017,5,1,67,11.736268572250722,1,1,sin,2.0,0,1,2,1,0,0,0,0.0,0.0,0.0,0.0,0.0,0.0,0,0,0.0,0.0,0.0,0.0,0.0,0.0,0,0,0.0,0.0,0.0,0.0,0.0,0.0,1,1,0,0,0,1,0,0,0,1,0
SON_6,3.6,8.049844718999243,5,0,18,3.5999999999999996,0,1,sin,0.5,0,0,2,2,2,0,0,0.0,0.0,0.0,0.0,0.0,0.0,0,0,0.0,0.0,0.0,0.0,0.0,0.0,0,0,0.0,0.0,0.0,0.0,0.0,0.0,1,1,0,0,0,1,0,0,0,1,0
SON_60,54.285714285714285,29.78094628961212,7,0,96,11.256139670069345,1,1,sin,3.0,0,0,1,1,0,1,triangle,3.0,55.0,0.0,0.0,1.0,1.0,1,saw,1.0,0.0,1.0,0.0,2.0,2.0,1,triangle,2.0,0.0,2.0,2.0,1.0,2.0,4,0,0,0,1,1,0,1,1,3,1
SON_61,73.66666666666667,23.40655178933169,6,34,100,9.555684753648537,1,1,sin,0.5,0,1,0,2,2,1,triangle,7.0,25.0,1.0,0.0,1.0,0.0,0,0,0.0,0.0,0.0,0.0,0.0,0.0,0,0,0.0,0.0,0.0,0.0,0.0,0.0,2,0,1,0,0,1,0,0,1,2,1
SON_62,13.0,10.23067283548187,4,0,25,5.115336417740935,0,1,sin,2.0,0,0,0,0,0,1,triangle,1.0,20.0,2.0,2.0,2.0,2.0,0,0,0.0,0.0,0.0,0.0,0.0,0.0,0,0,0.0,0.0,0.0,0.0,0.0,0.0,2,0,1,0,0,1,0,0,1,2,1
SON_63,2.5,3.5355339059327378,2,0,5,2.5,0,1,sin,0.5,0,2,1,1,1,0,0,0.0,0.0,0.0,0.0,0.0,0.0,0,0,0.0,0.0,0.0,0.0,0.0,0.0,0,0,0.0,0.0,0.0,0.0,0.0,0.0,1,1,0,0,0,1,0,0,0,1,0
SON_64,39.0,33.63671463488328,8,0,86,11.892374507581376,1,1,sin,1.0,0,2,0,1,2,1,triangle,0.5,80.0,0.0,2.0,1.0,1.0,1,triangle,3.0,0.0,0.0,2.0,0.0,2.0,1,triangle,3.0,0.0,0.0,0.0,2.0,2.0,4,0,0,0,1,1,0,0,1,2,1
SON_65,51.0,28.96118091514916,9,0,100,9.653726971716386,1,1,square,1.0,0,2,2,2,1,1,sin,1.0,30.0,0.0,1.0,1.0,1.0,1,sin,0.5,0.0,1.0,2.0,0.0,2.0,0,0,0.0,0.0,0.0,0.0,0.0,0.0,3,0,0,1,0,1,1,0,0,2,1
SON_66,49.285714285714285,38.4781941958225,7,0,100,14.543390391570757,1,1,square,3.0,0,1,0,0,0,0,0,0.0,0.0,0.0,0.0,0.0,0.0,0,0,0.0,0.0,0.0,0.0,0.0,0.0,0,0,0.0,0.0,0.0,0.0,0.0,0.0,1,1,0,0,0,0,1,0,0,1,0
SON_67,43.8,23.46699810372004,5,7,71,10.494760597555334,1,1,square,1.0,0,1,2,0,0,1,sin,3.0,0.0,1.0,1.0,0.0,0.0,0,0,0.0,0.0,0.0,0.0,0.0,0.0,0,0,0.0,0.0,0.0,0.0,0.0,0.0,2,0,1,0,0,1,1,0,0,2,0
SON_68,87.9,17.98425237070847,10,53,100,5.6871199506721615,0,1,square,1.0,0,0,1,2,2,1,sin,3.0,95.0,2.0,1.0,0.0,0.0,1,sin,0.5,0.0,2.0,1.0,0.0,2.0,1,triangle,2.0,0.0,0.0,1.0,0.0,0.0,4,0,0,0,1,1,1,0,1,3,1
SON_69,88.33333333333333,28.574464124459098,9,14,100,9.5248213748197,1,1,square,0.5,0,0,2,2,1,1,sin,5.0,70.0,1.0,0.0,1.0,1.0,1,square,3.0,45.0,2.0,0.0,1.0,1.0,0,0,0.0,0.0,0.0,0.0,0.0,0.0,3,0,0,1,0,1,1,0,0,2,2
SON_7,53.25,18.553975315279473,4,31,73,9.276987657639737,1,1,sin,0.5,0,1,2,1,1,1,sin,0.5,75.0,2.0,0.0,2.0,1.0,0,0,0.0,0.0,0.0,0.0,0.0,0.0,0,0,0.0,0.0,0.0,0.0,0.0,0.0,2,0,1,0,0,1,0,0,0,1,1
SON_70,74.28571428571429,32.25272229189491,7,27,100,12.190383184169015,1,1,square,2.0,0,2,2,0,1,1,sin,1.0,65.0,2.0,1.0,1.0,0.0,0,0,0.0,0.0,0.0,0.0,0.0,0.0,0,0,0.0,0.0,0.0,0.0,0.0,0.0,2,0,1,0,0,1,1,0,0,2,1
SON_71,55.75,15.966109941581472,4,33,70,7.983054970790736,1,1,square,7.0,0,0,2,1,1,0,0,0.0,0.0,0.0,0.0,0.0,0.0,0,0,0.0,0.0,0.0,0.0,0.0,0.0,0,0,0.0,0.0,0.0,0.0,0.0,0.0,1,1,0,0,0,0,1,0,0,1,0
SON_72,77.625,20.736010774909015,8,43,100,7.33128691684774,1,1,square,2.0,0,0,1,1,1,1,sin,2.0,85.0,2.0,1.0,2.0,2.0,1,square,0.5,0.0,0.0,0.0,2.0,0.0,1,triangle,7.0,70.0,1.0,2.0,2.0,0.0,4,0,0,0,1,1,1,0,1,3,2
SON_73,67.0,0.0,1,67,67,0.0,0,1,square,1.0,0,2,2,1,0,1,sin,2.0,0.0,0.0,1.0,0.0,0.0,1,saw,2.0,5.0,2.0,2.0,2.0,1.0,0,0,0.0,0.0,0.0,0.0,0.0,0.0,3,0,0,1,0,1,1,1,0,3,1
SON_74,57.833333333333336,23.819459831546695,6,17,85,9.724253756001593,1,1,square,2.0,0,0,0,2,2,0,0,0.0,0.0,0.0,0.0,0.0,0.0,0,0,0.0,0.0,0.0,0.0,0.0,0.0,0,0,0.0,0.0,0.0,0.0,0.0,0.0,1,1,0,0,0,0,1,0,0,1,0
SON_75,62.0,40.614036982304526,5,0,100,18.163149506624666,1,1,square,3.0,0,2,1,1,1,0,0,0.0,0.0,0.0,0.0,0.0,0.0,0,0,0.0,0.0,0.0,0.0,0.0,0.0,0,0,0.0,0.0,0.0,0.0,0.0,0.0,1,1,0,0,0,0,1,0,0,1,0
SON_76,65.0,40.149719799769464,5,0,100,17.955500549970754,1,1,square,2.0,0,2,0,2,1,1,sin,0.5,90.0,2.0,0.0,0.0,2.0,0,0,0.0,0.0,0.0,0.0,0.0,0.0,0,0,0.0,0.0,0.0,0.0,0.0,0.0,2,0,1,0,0,1,1,0,0,2,1
SON_77,85.5,14.735767952260144,8,69,100,5.209880722517276,0,1,square,3.0,0,0,0,2,0,1,sin,1.0,60.0,2.0,1.0,2.0,0.0,1,triangle,6.0,0.0,2.0,2.0,1.0,2.0,1,sin,1.0,0.0,0.0,2.0,2.0,2.0,4,0,0,0,1,1,1,0,1,3,1
SON_78,68.33333333333333,30.283108603092032,6,12,100,12.363027317143827,1,1,square,1.0,0,1,2,0,1,1,sin,2.0,0.0,0.0,1.0,1.0,1.0,1,triangle,7.0,20.0,0.0,2.0,0.0,1.0,1,square,5.0,70.0,2.0,2.0,0.0,1.0,4,0,0,0,1,1,1,0,1,3,2
SON_79,80.25,20.83095224488241,8,45,100,7.364853795464744,1,1,square,5.0,0,2,0,2,1,1,sin,2.0,0.0,1.0,0.0,0.0,1.0,1,triangle,0.5,25.0,1.0,1.0,1.0,1.0,0,0,0.0,0.0,0.0,0.0,0.0,0.0,3,0,0,1,0,1,1,0,1,3,1
SON_8,39.125,34.440165504828805,8,1,100,12.176437286825731,1,1,sin,0.5,0,1,0,2,2,1,sin,1.0,75.0,0.0,0.0,2.0,2.0,0,0,0.0,0.0,0.0,0.0,0.0,0.0,0,0,0.0,0.0,0.0,0.0,0.0,0.0,2,0,1,0,0,1,0,0,0,1,1
SON_80,64.54545454545455,24.695601374996464,11,29,100,7.446003975731652,1,1,square,0.5,0,1,0,0,2,1,sin,2.0,20.0,2.0,2.0,0.0,0.0,1,triangle,2.0,0.0,0.0,0.0,0.0,0.0,1,triangle,3.0,30.0,2.0,2.0,1.0,2.0,4,0,0,0,1,1,1,0,1,3,2
SON_81,81.375,34.70256268840757,8,0,100,12.269208700762128,1,1,square,0.5,0,2,0,1,1,1,square,7.0,35.0,0.0,2.0,1.0,1.0,0,0,0.0,0.0,0.0,0.0,0.0,0.0,0,0,0.0,0.0,0.0,0.0,0.0,0.0,2,0,1,0,0,0,1,0,0,1,1
SON_82,86.57142857142857,16.791437727377037,7,61,100,6.346566911695318,0,1,square,1.0,0,2,0,1,0,1,square,5.0,45.0,0.0,1.0,2.0,0.0,1,sin,3.0,80.0,0.0,2.0,1.0,0.0,0,0,0.0,0.0,0.0,0.0,0.0,0.0,3,0,0,1,0,1,1,0,0,2,2
SON_83,36.0,0.0,1,36,36,0.0,0,1,square,1.0,0,2,1,0,0,0,0,0.0,0.0,0.0,0.0,0.0,0.0,0,0,0.0,0.0,0.0,0.0,0.0,0.0,0,0,0.0,0.0,0.0,0.0,0.0,0.0,1,1,0,0,0,0,1,0,0,1,0
SON_84,28.09090909090909,16.860928476537378,11,9,66,5.083761215790289,1,1,square,2.0,0,0,1,0,0,0,0,0.0,0.0,0.0,0.0,0.0,0.0,0,0,0.0,0.0,0.0,0.0,0.0,0.0,0,0,0.0,0.0,0.0,0.0,0.0,0.0,1,1,0,0,0,0,1,0,0,1,0
SON_85,41.714285714285715,17.82988395657027,7,23,77,6.739062693460757,1,1,square,3.0,0,1,0,1,1,0,0,0.0,0.0,0.0,0.0,0.0,0.0,0,0,0.0,0.0,0.0,0.0,0.0,0.0,0,0,0.0,0.0,0.0,0.0,0.0,0.0,1,1,0,0,0,0,1,0,0,1,0
SON_86,83.0,25.511901984312008,8,31,100,9.01981944703678,1,1,square,1.0,0,0,2,2,2,1,square,3.0,70.0,2.0,0.0,1.0,2.0,0,0,0.0,0.0,0.0,0.0,0.0,0.0,0,0,0.0,0.0,0.0,0.0,0.0,0.0,2,0,1,0,0,0,1,0,0,1,1
SON_87,68.72727272727273,28.698748784889244,11,17,100,8.652998333831416,1,1,square,3.0,0,0,0,2,2,1,square,1.0,0.0,1.0,1.0,0.0,2.0,0,0,0.0,0.0,0.0,0.0,0.0,0.0,0,0,0.0,0.0,0.0,0.0,0.0,0.0,2,0,1,0,0,0,1,0,0,1,0
SON_88,73.33333333333333,11.16542281629615,6,61,94,4.558264777059114,0,1,square,0.5,0,0,2,0,0,1,square,3.0,90.0,0.0,0.0,2.0,1.0,0,0,0.0,0.0,0.0,0.0,0.0,0.0,0,0,0.0,0.0,0.0,0.0,0.0,0.0,2,0,1,0,0,0,1,0,0,1,1
SON_89,86.25,16.296727687892844,4,68,100,8.148363843946422,0,1,square,0.5,0,0,2,2,0,1,square,8.0,55.0,1.0,0.0,2.0,0.0,1,saw,2.0,60.0,1.0,1.0,2.0,0.0,0,0,0.0,0.0,0.0,0.0,0.0,0.0,3,0,0,1,0,0,1,1,0,2,2
SON_9,35.0,42.261093218230876,4,0,95,21.130546609115438,1,1,sin,3.0,0,1,0,1,1,0,0,0.0,0.0,0.0,0.0,0.0,0.0,0,0,0.0,0.0,0.0,0.0,0.0,0.0,0,0,0.0,0.0,0.0,0.0,0.0,0.0,1,1,0,0,0,1,0,0,0,1,0
SON_90,80.0,19.015782918407538,6,54,100,7.7631608682718065,0,1,square,3.0,0,2,2,1,2,1,square,3.0,0.0,2.0,2.0,2.0,2.0,1,saw,3.0,55.0,2.0,1.0,0.0,2.0,0,0,0.0,0.0,0.0,0.0,0.0,0.0,3,0,0,1,0,0,1,1,0,2,1
SON_91,90.5,13.435028842544403,2,81,100,9.5,0,1,square,1.0,0,1,1,0,1,1,square,1.0,0.0,0.0,0.0,2.0,0.0,1,saw,1.0,85.0,1.0,0.0,2.0,1.0,0,0,0.0,0.0,0.0,0.0,0.0,0.0,3,0,0,1,0,0,1,1,0,2,1
SON_92,70.6,21.92715211786519,5,35,95,9.80612053770501,1,1,square,6.0,0,0,0,2,2,0,0,0.0,0.0,0.0,0.0,0.0,0.0,0,0,0.0,0.0,0.0,0.0,0.0,0.0,0,0,0.0,0.0,0.0,0.0,0.0,0.0,1,1,0,0,0,0,1,0,0,1,0
SON_93,53.0,34.35840508521896,5,4,98,15.36554587380481,1,1,square,3.0,0,2,1,2,2,1,square,4.0,0.0,0.0,1.0,1.0,1.0,0,0,0.0,0.0,0.0,0.0,0.0,0.0,0,0,0.0,0.0,0.0,0.0,0.0,0.0,2,0,1,0,0,0,1,0,0,1,0
SON_94,60.0,32.38312317653544,4,24,100,16.19156158826772,1,1,square,0.5,0,2,1,1,1,1,square,0.5,10.0,1.0,0.0,0.0,0.0,0,0,0.0,0.0,0.0,0.0,0.0,0.0,0,0,0.0,0.0,0.0,0.0,0.0,0.0,2,0,1,0,0,0,1,0,0,1,1
SON_95,71.2,25.892083732291614,10,29,100,8.187795796183488,1,1,square,2.0,0,0,2,2,1,0,0,0.0,0.0,0.0,0.0,0.0,0.0,0,0,0.0,0.0,0.0,0.0,0.0,0.0,0,0,0.0,0.0,0.0,0.0,0.0,0.0,1,1,0,0,0,0,1,0,0,1,0
SON_96,71.5,26.19705545067449,8,13,100,9.26205777814597,1,1,square,1.0,0,1,0,2,2,1,square,8.0,0.0,0.0,0.0,1.0,2.0,0,0,0.0,0.0,0.0,0.0,0.0,0.0,0,0,0.0,0.0,0.0,0.0,0.0,0.0,2,0,1,0,0,0,1,0,0,1,0
SON_97,59.285714285714285,31.13258895816561,7,9,100,11.76701257898595,1,1,square,1.0,0,0,0,1,0,1,saw,1.0,45.0,0.0,0.0,1.0,1.0,1,sin,0.5,25.0,1.0,2.0,0.0,1.0,0,0,0.0,0.0,0.0,0.0,0.0,0.0,3,0,0,1,0,1,1,1,0,3,2
SON_98,24.857142857142858,31.285931723532286,7,0,68,11.824970696487544,1,1,square,1.0,0,0,0,0,2,1,saw,2.0,0.0,2.0,1.0,0.0,2.0,0,0,0.0,0.0,0.0,0.0,0.0,0.0,0,0,0.0,0.0,0.0,0.0,0.0,0.0,2,0,1,0,0,0,1,1,0,2,0
SON_99,67.0,0.0,1,67,67,0.0,0,1,square,2.0,0,1,0,2,0,0,0,0.0,0.0,0.0,0.0,0.0,0.0,0,0,0.0,0.0,0.0,0.0,0.0,0.0,0,0,0.0,0.0,0.0,0.0,0.0,0.0,1,1,0,0,0,0,1,0,0,1,0
